Row.names,baseMean,log2FoldChange,lfcSE,stat,pvalue,padj,X.pacId,transcriptName,peptideName,Pfam,Panther,KOG,KEGG.ec,KO,GO,Best.hit.arabi.name,arabi.symbol,arabi.defline
Prupe.1G001400,145.636938,8.835189532,1.773139835,4.418822125,9.92E-06,0.000483341,32119817,Prupe.1G001400.1,Prupe.1G001400.1.p,"PF08541,PF08392","PTHR31561,PTHR31561:SF21",,2.3.1.199,K15397,"GO:0016747,GO:0008610,GO:0016020,GO:0006633",AT2G26250.1,"FDH,KCS10",3-ketoacyl-CoA synthase 10
Prupe.1G012200,1095.558512,-3.325923679,0.494525764,-4.70334176,2.56E-06,0.000139159,32118838,Prupe.1G012200.1,Prupe.1G012200.1.p,PF00012,"PTHR19375,PTHR19375:SF101",KOG0101,,K09489,,AT2G32120.1,HSP70T-2,heat-shock protein 70T-2
Prupe.1G015800,105.4899647,2.675902866,0.410432805,4.083257591,4.44E-05,0.001730461,32118677,Prupe.1G015800.1,Prupe.1G015800.1.p,PF07911,"PTHR33108,PTHR33108:SF2",,,,,AT3G22540.1,,Protein of unknown function (DUF1677)
Prupe.1G016400,149.9512434,2.804395504,0.526201469,3.429096287,0.000605595,0.016463724,32115815,Prupe.1G016400.1,Prupe.1G016400.1.p,PF13302,"PTHR13256,PTHR13256:SF26",,2.3.1.57,,GO:0008080,AT3G22560.1,,Acyl-CoA N-acyltransferases (NAT) superfamily protein
Prupe.1G020100,175.754427,2.936943044,0.448066503,4.322891869,1.54E-05,0.000692395,32113034,Prupe.1G020100.1,Prupe.1G020100.1.p,PF13639,"PTHR22763,PTHR22763:SF83",,6.3.2.19,,"GO:0008270,GO:0005515",AT2G15580.1,,RING/U-box superfamily protein
Prupe.1G021600,770.2208575,-6.537015863,0.371865239,-14.88984527,3.84E-50,8.97E-47,32117949,Prupe.1G021600.1,Prupe.1G021600.1.p,PF00504,"PTHR14154,PTHR14154:SF5",,,,,AT3G22840.1,"ELIP,ELIP1",Chlorophyll A-B binding family protein
Prupe.1G021700,184.2949277,-6.518083533,0.505078045,-10.92520965,8.73E-28,8.17E-25,32118129,Prupe.1G021700.1,Prupe.1G021700.1.p,PF00504,"PTHR14154,PTHR14154:SF5",,,,,AT3G22840.1,"ELIP,ELIP1",Chlorophyll A-B binding family protein
Prupe.1G024700,91.88213876,4.818900807,0.889683583,4.292425847,1.77E-05,0.000772334,32117878,Prupe.1G024700.1,Prupe.1G024700.1.p,PF04525,"PTHR31087,PTHR31087:SF3",,,,,AT2G05910.1,,Protein of unknown function (DUF567)
Prupe.1G025900,32.25835815,4.964370065,0.995395317,3.982709176,6.81E-05,0.002469729,32116200,Prupe.1G025900.1,Prupe.1G025900.1.p,,,,,,,,,
Prupe.1G026100,92.36275658,4.087423515,0.811122938,3.80635705,0.000141029,0.004486057,32118345,Prupe.1G026100.1,Prupe.1G026100.1.p,,,,,,,,,
Prupe.1G028500,878.4912703,-2.13769841,0.275403599,-4.131022297,3.61E-05,0.00142435,32115645,Prupe.1G028500.1,Prupe.1G028500.1.p,"PF14577,PF14576","PTHR33232,PTHR33232:SF5",,,,,AT3G01680.1,,
Prupe.1G029400,29.47541573,5.890288028,1.008335912,4.849860024,1.24E-06,7.50E-05,32112330,Prupe.1G029400.1,Prupe.1G029400.1.p,PF03140,"PTHR31549,PTHR31549:SF12",,,,,AT3G50150.1,,Plant protein of unknown function (DUF247)
Prupe.1G033800,15.26135932,6.441848018,1.389406775,3.916670133,8.98E-05,0.003042126,32111749,Prupe.1G033800.1,Prupe.1G033800.1.p,PF00069,"PTHR24361,PTHR24361:SF243",KOG0582,2.7.11.1,,"GO:0006468,GO:0005524,GO:0004672",AT4G14480.1,,Protein kinase superfamily protein
Prupe.1G034000,28.47707769,5.843772609,0.956994371,5.061443155,4.16E-07,2.90E-05,32115098,Prupe.1G034000.1,Prupe.1G034000.1.p,PF00069,"PTHR24361,PTHR24361:SF243",KOG0582,2.7.11.1,K08835,"GO:0006468,GO:0005524,GO:0004672",AT4G14480.1,,Protein kinase superfamily protein
Prupe.1G043400,39.86850805,4.874141628,0.976523737,3.967278501,7.27E-05,0.002575272,32117461,Prupe.1G043400.1,Prupe.1G043400.1.p,PF04749,"PTHR15907,PTHR15907:SF43",,,,,AT3G18470.1,,PLAC8 family protein
Prupe.1G053900,38.5112326,4.262650541,1.043829996,3.125653174,0.001774107,0.039883279,32117408,Prupe.1G053900.1,Prupe.1G053900.1.p,,"PTHR34191,PTHR34191:SF1",,1.1.1.39,,,AT4G13560.1,UNE15,Late embryogenesis abundant protein (LEA) family protein
Prupe.1G058400,18.14200214,5.288594338,1.336881477,3.207909161,0.001337037,0.032061467,32118491,Prupe.1G058400.1,Prupe.1G058400.1.p,PF05938,"PTHR31232,PTHR31232:SF8",,,,,AT3G24060.1,,Plant self-incompatibility protein S1 family
Prupe.1G060000,242.4083797,8.923976956,2.541579058,3.117737743,0.001822449,0.040774025,32116386,Prupe.1G060000.1,Prupe.1G060000.1.p,PF05938,"PTHR31232,PTHR31232:SF2",,,,,AT4G16195.1,,Plant self-incompatibility protein S1 family
Prupe.1G061500,296.6913545,-2.802381005,0.476454363,-3.782903765,0.000155009,0.004864589,32110753,Prupe.1G061500.1,Prupe.1G061500.1.p,PF00515,"PTHR36326,PTHR36326:SF1",,,,GO:0005515,AT1G04770.1,,Tetratricopeptide repeat (TPR)-like superfamily protein
Prupe.1G061900,1098.58144,2.920807821,0.611708076,3.140072684,0.001689059,0.038504196,32119303,Prupe.1G061900.1,Prupe.1G061900.1.p,PF01786,"PTHR31803,PTHR31803:SF6",,1.10.3.11,K17893,"GO:0055114,GO:0009916",AT5G64210.1,AOX2,alternative oxidase 2
Prupe.1G071700,9.878532138,-4.817325291,1.197374216,-3.188080417,0.001432207,0.033653266,32112286,Prupe.1G071700.1,Prupe.1G071700.1.p,PF03547,"PTHR31752,PTHR31752:SF4",,,K13947,"GO:0055085,GO:0016021",AT5G57090.1,"AGR,AGR1,ATPIN2,EIR1,PIN2,WAV6",Auxin efflux carrier family protein
Prupe.1G072800,32.26843723,-3.455566717,0.586410732,-4.187451874,2.82E-05,0.001177783,32118851,Prupe.1G072800.1,Prupe.1G072800.1.p,,,,,,,,,
Prupe.1G078700,192.3472834,3.275464161,0.334570221,6.801155694,1.04E-11,1.80E-09,32119904,Prupe.1G078700.1,Prupe.1G078700.1.p,"PF00702,PF00122","PTHR24093,PTHR24093:SF318",,"3.6.3.5,3.6.3.3",K01534,"GO:0046872,GO:0000166",AT4G30110.1,"ATHMA2,HMA2",heavy metal atpase 2
Prupe.1G079800,2626.49656,10.5340395,1.713023507,5.565620938,2.61E-08,2.26E-06,32117120,Prupe.1G079800.1,Prupe.1G079800.1.p,PF02458,"PTHR31642,PTHR31642:SF57",,,,GO:0016747,AT2G19070.1,SHT,spermidine hydroxycinnamoyl transferase
Prupe.1G080100,81.49163321,7.996014895,1.740178099,4.020286717,5.81E-05,0.002140185,32117427,Prupe.1G080100.1,Prupe.1G080100.1.p,PF02458,"PTHR31642,PTHR31642:SF57",,,K13065,GO:0016747,AT2G19070.1,SHT,spermidine hydroxycinnamoyl transferase
Prupe.1G081600,259.4710516,7.439981901,0.73821052,8.723774214,2.69E-18,1.40E-15,32112713,Prupe.1G081600.1,Prupe.1G081600.1.p,PF00141,,,1.11.1.7,K00430,"GO:0055114,GO:0020037,GO:0006979,GO:0004601",AT2G18980.1,,Peroxidase superfamily protein
Prupe.1G081700,204.4673937,1.919585519,0.283222802,3.246862579,0.001166847,0.02902222,32114284,Prupe.1G081700.1,Prupe.1G081700.1.p,,"PTHR33167,PTHR33167:SF5",,,,,AT5G57340.1,,
Prupe.1G084300,358.3523545,-3.16484263,0.305687151,-7.081889512,1.42E-12,3.17E-10,32119209,Prupe.1G084300.1,Prupe.1G084300.1.p,PF00069,"PTHR27001,PTHR27001:SF34",KOG1187,2.7.11.1,,"GO:0006468,GO:0005524,GO:0004672",AT2G18890.1,,Protein kinase superfamily protein
Prupe.1G084500,1346.166234,-2.29939538,0.172398483,-7.537162486,4.80E-14,1.32E-11,32116879,Prupe.1G084500.1,Prupe.1G084500.1.p,PF00101,PTHR31262,,4.1.1.39,K01602,,AT5G38420.1,,Ribulose bisphosphate carboxylase (small chain) family protein
Prupe.1G087400,14.10238696,6.35671923,1.496262515,3.580066451,0.000343507,0.010166063,32112977,Prupe.1G087400.1,Prupe.1G087400.1.p,PF00580,PTHR21529,,,,GO:0005524,AT1G65780.1,,P-loop containing nucleoside triphosphate hydrolases superfamily protein
Prupe.1G087800,36.80396278,3.376748759,0.604835932,3.929575998,8.51E-05,0.002925793,32112629,Prupe.1G087800.1,Prupe.1G087800.1.p,PF05553,"PTHR33098,PTHR33098:SF3",,,,,AT5G57510.1,,
Prupe.1G087900,249.7321628,3.141706173,0.542503635,3.947819032,7.89E-05,0.002752084,32118589,Prupe.1G087900.1,Prupe.1G087900.1.p,"PF13193,PF00501","PTHR24096,PTHR24096:SF149",,"6.2.1.34,6.2.1.12",K01904,"GO:0008152,GO:0003824",AT3G21240.1,"4CL2,AT4CL2",4-coumarate:CoA ligase 2
Prupe.1G095500,631.6405388,3.466903728,0.522797049,4.718664219,2.37E-06,0.000133744,32117811,Prupe.1G095500.1,Prupe.1G095500.1.p,"PF02358,PF00982","PTHR10788,PTHR10788:SF30",,"2.4.1.15,3.1.3.12",K16055,"GO:0005992,GO:0003824",AT1G23870.1,"ATTPS9,TPS9",trehalose-phosphatase/synthase 9
Prupe.1G097700,184.5945468,3.456813294,0.497018596,4.943101349,7.69E-07,4.89E-05,32111454,Prupe.1G097700.1,Prupe.1G097700.1.p,,PTHR33124,,,,,,,
Prupe.1G098900,121.6495893,6.454509752,0.89774539,6.07578698,1.23E-09,1.48E-07,32117762,Prupe.1G098900.1,Prupe.1G098900.1.p,,PTHR38934,,,,,AT4G30460.1,,glycine-rich protein
Prupe.1G099500,227.819828,3.244975935,0.689447634,3.256194996,0.001129162,0.028386883,32114983,Prupe.1G099500.1,Prupe.1G099500.1.p,PF01073,"PTHR10366,PTHR10366:SF390",KOG1502,,,"GO:0055114,GO:0016616,GO:0006694,GO:0003854",AT2G23910.1,,NAD(P)-binding Rossmann-fold superfamily protein
Prupe.1G104900,5072.287185,-6.150526378,0.333813196,-15.42936722,1.04E-53,4.86E-50,32117273,Prupe.1G104900.1,Prupe.1G104900.1.p,,PTHR23241,KOG4744,,,,AT5G44310.2,,Late embryogenesis abundant protein (LEA) family protein
Prupe.1G107100,673.7492008,1.914025496,0.287236872,3.182131496,0.001461954,0.034010438,32119739,Prupe.1G107100.1,Prupe.1G107100.1.p,PF04110,"PTHR10969,PTHR10969:SF36",KOG1654,,K08341,"GO:0005737,GO:0000045",AT3G15580.1,"APG8H,ATG8I",Ubiquitin-like superfamily protein
Prupe.1G109900,691.7325813,-2.060839531,0.255869578,-4.146016642,3.38E-05,0.001363736,32114402,Prupe.1G109900.1,Prupe.1G109900.1.p,PF00955,"PTHR11453,PTHR11453:SF44",,,,"GO:0016021,GO:0006820,GO:0016020,GO:0005452",AT3G62270.1,,HCO3- transporter family
Prupe.1G111700,452.5941999,4.099378098,0.762349695,4.065559569,4.79E-05,0.001821639,32111811,Prupe.1G111700.1,Prupe.1G111700.1.p,PF00249,"PTHR10641,PTHR10641:SF623",KOG0048,,K09422,,AT3G06490.1,"AtMYB108,BOS1,MYB108",myb domain protein 108
Prupe.1G111900,193.8808235,-4.14133448,0.539974879,-5.817556705,5.97E-09,6.35E-07,32115920,Prupe.1G111900.1,Prupe.1G111900.1.p,"PF14226,PF03171","PTHR10209,PTHR10209:SF160",KOG0143,1.14.11.13,K04125,"GO:0055114,GO:0016491",AT1G02400.1,"ATGA2OX4,ATGA2OX6,DTA1,GA2OX6",gibberellin 2-oxidase 6
Prupe.1G114500,24.54985625,8.127272761,1.766224659,4.035314945,5.45E-05,0.002039825,32110938,Prupe.1G114500.1,Prupe.1G114500.1.p,PF04043,,,,,GO:0004857,AT1G47960.1,"ATC/VIF1,C/VIF1",cell wall / vacuolar inhibitor of fructosidase 1
Prupe.1G116200,8.658127468,6.604761077,1.515454648,3.69840238,0.000216961,0.006587718,32117398,Prupe.1G116200.1,Prupe.1G116200.1.p,PF00657,"PTHR22835,PTHR22835:SF153",,3.1.1.3,,GO:0016788,AT2G23540.1,,GDSL-like Lipase/Acylhydrolase superfamily protein
Prupe.1G120600,23.73468145,4.525391907,0.813120401,4.335633326,1.45E-05,0.00065982,32116877,Prupe.1G120600.1,Prupe.1G120600.1.p,,,,,,,,,
Prupe.1G120700,139.4001857,3.988033036,0.478958369,6.238607008,4.41E-10,5.43E-08,32114074,Prupe.1G120700.1,Prupe.1G120700.1.p,,,,,,,,,
Prupe.1G122900,39.30793924,4.935113481,0.997765872,3.943924712,8.02E-05,0.002776464,32116148,Prupe.1G122900.1,Prupe.1G122900.1.p,PF00182,"PTHR22595,PTHR22595:SF42",KOG4742,,,"GO:0016998,GO:0006032,GO:0004568",AT3G16920.1,"ATCTL2,CTL2",chitinase-like protein 2
Prupe.1G123100,981.1630148,5.861432679,0.900479961,5.398712788,6.71E-08,5.32E-06,32113472,Prupe.1G123100.1,Prupe.1G123100.1.p,"PF14310,PF00933,PF01915","PTHR30620,PTHR30620:SF50",,"3.2.1.55,3.2.1.37",,"GO:0005975,GO:0004553",AT5G49360.1,"ATBXL1,BXL1",beta-xylosidase 1
Prupe.1G124200,18.27146881,3.95551671,0.941601031,3.138820598,0.001696293,0.038504196,32114367,Prupe.1G124200.1,Prupe.1G124200.1.p,PF12697,"PTHR10992,PTHR10992:SF811",KOG4178,3.3.2.10,,,AT4G15960.1,,alpha/beta-Hydrolases superfamily protein
Prupe.1G131300,11.23082562,5.984446081,1.574834807,3.165059636,0.001550512,0.03574264,32111408,Prupe.1G131300.1,Prupe.1G131300.1.p,,,,,,,,,
Prupe.1G132700,173.5215826,-4.137073922,0.484709721,-6.47206727,9.67E-11,1.33E-08,32120236,Prupe.1G132700.1,Prupe.1G132700.1.p,PF04570,PTHR33059,,,,,AT5G49120.1,,Protein of unknown function (DUF581)
Prupe.1G133700,1816.056381,10.58827277,1.945811988,4.927646056,8.32E-07,5.12E-05,32115513,Prupe.1G133700.1,Prupe.1G133700.1.p,,"PTHR34458,PTHR34458:SF5",,,,,AT3G16660.1,,Pollen Ole e 1 allergen and extensin family protein
Prupe.1G140400,142.7959356,6.63664642,0.787343438,7.159069534,8.12E-13,2.00E-10,32120732,Prupe.1G140400.1,Prupe.1G140400.1.p,PF00462,"PTHR10168,PTHR10168:SF115",KOG1752,1.8.1.9,K03676,"GO:0045454,GO:0015035,GO:0009055",AT5G18600.1,,Thioredoxin superfamily protein
Prupe.1G140500,38.02885593,5.270791592,0.754530937,5.660194143,1.51E-08,1.44E-06,32112862,Prupe.1G140500.1,Prupe.1G140500.1.p,PF00462,,KOG1752,1.8.1.9,K03676,"GO:0045454,GO:0015035,GO:0009055",AT3G21460.1,,Glutaredoxin family protein
Prupe.1G141000,2099.366138,3.309376941,0.543580809,4.248451939,2.15E-05,0.000923415,32111314,Prupe.1G141000.1,Prupe.1G141000.1.p,"PF00097,PF05495,PF14599","PTHR21319,PTHR21319:SF5",KOG1940,6.3.2.19,K10144,"GO:0046872,GO:0008270,GO:0016567",AT5G18650.1,,CHY-type/CTCHY-type/RING-type Zinc finger protein
Prupe.1G141300,70.93619953,9.652649474,2.414169083,3.584110796,0.000338228,0.010073608,32119311,Prupe.1G141300.1,Prupe.1G141300.1.p,PF00026,"PTHR13683,PTHR13683:SF298",KOG1339,3.4.23.12,,"GO:0006508,GO:0004190",AT2G35615.1,,Eukaryotic aspartyl protease family protein
Prupe.1G141400,110.2914106,7.347700328,1.228714678,5.166130462,2.39E-07,1.75E-05,32118057,Prupe.1G141400.1,Prupe.1G141400.1.p,PF00026,"PTHR13683,PTHR13683:SF298",KOG1339,3.4.23.12,,"GO:0006508,GO:0004190",AT2G35615.1,,Eukaryotic aspartyl protease family protein
Prupe.1G141700,1047.564451,5.884952782,0.977418189,4.997812439,5.80E-07,3.87E-05,32118294,Prupe.1G141700.1,Prupe.1G141700.1.p,PF04535,"PTHR11615,PTHR11615:SF113",,,,,AT3G06390.1,,Uncharacterised protein family (UPF0497)
Prupe.1G142400,1132.662913,2.116278761,0.269654786,4.139658623,3.48E-05,0.001390103,32112009,Prupe.1G142400.1,Prupe.1G142400.1.p,PF01373,"PTHR31352,PTHR31352:SF3",,3.2.1.2,,"GO:0016161,GO:0000272",AT5G18670.1,"BAM9,BMY3",beta-amylase 3
Prupe.1G142700,924.3374999,-2.479440201,0.334590651,-4.421642373,9.80E-06,0.000483341,32115161,Prupe.1G142700.1,Prupe.1G142700.1.p,PF00999,"PTHR10110,PTHR10110:SF117",,,,"GO:0055085,GO:0016021,GO:0015299,GO:0006812",AT3G05030.1,"ATNHX2,NHX2",sodium hydrogen exchanger 2
Prupe.1G145600,50.96463036,4.164643441,0.994408692,3.18243743,0.001460411,0.034010438,32114145,Prupe.1G145600.1,Prupe.1G145600.1.p,PF00069,"PTHR27001,PTHR27001:SF193",KOG1187,2.7.11.1,,"GO:0006468,GO:0005524,GO:0004672",AT5G18910.1,,Protein kinase superfamily protein
Prupe.1G148900,236.7436099,4.177032616,0.637510548,4.983498116,6.24E-07,4.06E-05,32117586,Prupe.1G148900.1,Prupe.1G148900.1.p,,"PTHR33115,PTHR33115:SF3",,,,,AT5G18980.1,,ARM repeat superfamily protein
Prupe.1G152000,654.0074422,5.894207257,0.523071943,9.356661771,8.23E-21,4.81E-18,32120701,Prupe.1G152000.1,Prupe.1G152000.1.p,"PF14543,PF14541","PTHR13683,PTHR13683:SF379",KOG1339,3.4.23.12,,"GO:0006508,GO:0004190",AT1G03220.1,,Eukaryotic aspartyl protease family protein
Prupe.1G152300,705.8932807,8.062319936,1.809070649,3.903838659,9.47E-05,0.003185026,32111609,Prupe.1G152300.1,Prupe.1G152300.1.p,PF00230,"PTHR19139,PTHR19139:SF171",KOG0223,,K09874,"GO:0016020,GO:0006810,GO:0005215",AT3G06100.1,"NIP7;1,NLM6,NLM8",NOD26-like intrinsic protein 7;1
Prupe.1G152600,8.607781455,5.646325172,1.436406831,3.234686074,0.001217765,0.029657662,32110422,Prupe.1G152600.1,Prupe.1G152600.1.p,PF11443,"PTHR31373,PTHR31373:SF0",,,,,AT5G13210.1,,"Uncharacterised conserved protein UCP015417,  vWA"
Prupe.1G153700,40.4516436,6.390113224,1.288875719,4.182027128,2.89E-05,0.001188856,32118038,Prupe.1G153700.1,Prupe.1G153700.1.p,PF00483,"PTHR22572,PTHR22572:SF119",,2.7.7.27,K00975,"GO:0016779,GO:0009058",AT5G19220.1,"ADG2,APL1",ADP glucose pyrophosphorylase large subunit 1
Prupe.1G156200,20.00593752,3.149656561,0.672019622,3.198800291,0.001380007,0.032775453,32119141,Prupe.1G156200.1,Prupe.1G156200.1.p,PF02298,"PTHR33021,PTHR33021:SF21",,,,GO:0009055,AT5G26330.1,,Cupredoxin superfamily protein
Prupe.1G167300,4314.547692,2.238964037,0.280283595,4.420394419,9.85E-06,0.000483341,32115812,Prupe.1G167300.1,Prupe.1G167300.1.p,PF05694,PTHR23300,,,K17285,GO:0008430,AT4G14040.1,"EDA38,SBP2",selenium-binding protein 2
Prupe.1G168300,331.1608544,10.9123289,2.257413683,4.39101126,1.13E-05,0.000532897,32112075,Prupe.1G168300.1,Prupe.1G168300.1.p,"PF07983,PF00332","PTHR32227,PTHR32227:SF122",,3.2.1.39,,"GO:0005975,GO:0004553",AT3G23770.1,,O-Glycosyl hydrolases family 17 protein
Prupe.1G175600,206.215409,-2.632714987,0.489454352,-3.335786022,0.000850586,0.021974256,32112840,Prupe.1G175600.1,Prupe.1G175600.1.p,PF00248,"PTHR11732,PTHR11732:SF226",KOG1575,1.1.1.317,,,AT1G60730.1,,NAD(P)-linked oxidoreductase superfamily protein
Prupe.1G182200,116.8408008,4.324624534,1.021716253,3.253960701,0.00113808,0.028458092,32112242,Prupe.1G182200.1,Prupe.1G182200.1.p,PF04554,,,,,"GO:0009664,GO:0005199",,,
Prupe.1G192200,170.4665399,5.902338933,0.760403414,6.447023834,1.14E-10,1.52E-08,32115287,Prupe.1G192200.1,Prupe.1G192200.1.p,PF08450,"PTHR10426,PTHR10426:SF21",KOG1520,4.3.3.2,,,AT3G59530.1,LAP3,Calcium-dependent phosphotriesterase superfamily protein
Prupe.1G201200,6.599506117,-6.114699262,1.440611291,-3.550367328,0.000384694,0.011172851,32112660,Prupe.1G201200.1,Prupe.1G201200.1.p,PF00304,,,,,,AT5G63660.1,"LCR74,PDF2.5",Scorpion toxin-like knottin superfamily protein
Prupe.1G210900,1632.665074,-2.284330844,0.276094252,-4.65178408,3.29E-06,0.000176869,32113409,Prupe.1G210900.1,Prupe.1G210900.1.p,"PF06955,PF00722","PTHR31062,PTHR31062:SF15",,"2.4.1.207,3.2.1.151",K08235,"GO:0048046,GO:0016762,GO:0006073,GO:0005618,GO:0005975,GO:0004553",AT5G13870.1,"EXGT-A4,XTH5",xyloglucan endotransglucosylase/hydrolase 5
Prupe.1G220700,82.7646497,5.136655544,0.650470217,6.359484934,2.02E-10,2.63E-08,32119099,Prupe.1G220700.1,Prupe.1G220700.1.p,PF03083,"PTHR10791,PTHR10791:SF34",KOG1623,,K15382,,AT5G13170.1,SAG29,senescence-associated gene 29
Prupe.1G223700,1189.228874,2.514713599,0.176500167,8.581938617,9.33E-18,4.36E-15,32115689,Prupe.1G223700.1,Prupe.1G223700.1.p,,"PTHR34781,PTHR34781:SF2",,,,,AT1G27290.2,,
Prupe.1G224800,526.5849282,10.08767582,1.12947068,8.045959924,8.56E-16,2.86E-13,32116324,Prupe.1G224800.1,Prupe.1G224800.1.p,"PF13193,PF00501","PTHR24096,PTHR24096:SF116",KOG1176,,K01904,"GO:0008152,GO:0003824",AT1G62940.1,ACOS5,acyl-CoA synthetase 5
Prupe.1G226300,71.87995026,6.315374565,1.434047659,3.706553636,0.000210099,0.006421057,32118820,Prupe.1G226300.1,Prupe.1G226300.1.p,PF00111,"PTHR19370,PTHR19370:SF124",,,K02639,"GO:0051536,GO:0009055",AT2G27510.1,"ATFD3,FD3",ferredoxin 3
Prupe.1G226500,257.4190513,-4.503935514,0.455269928,-7.696391311,1.40E-14,4.36E-12,32114735,Prupe.1G226500.1,Prupe.1G226500.1.p,PF00067,"PTHR24298,PTHR24298:SF79",KOG0156,1.14.13.21,,"GO:0055114,GO:0020037,GO:0016705,GO:0005506",AT1G74110.1,CYP78A10,"cytochrome P450, family 78, subfamily A, polypeptide 10"
Prupe.1G233600,173.8407829,3.6389131,0.694620152,3.79907363,0.000145238,0.004588734,32113271,Prupe.1G233600.1,Prupe.1G233600.1.p,PF03798,"PTHR31766,PTHR31766:SF2",,,,GO:0016021,AT5G14280.1,,DNA-binding storekeeper protein-related
Prupe.1G241800,2178.762059,3.110913989,0.522082814,4.043255077,5.27E-05,0.001987836,32112537,Prupe.1G241800.1,Prupe.1G241800.1.p,PF00150,"PTHR31263,PTHR31263:SF0",,3.2.1.4,,"GO:0005975,GO:0004553",AT1G13130.1,,Cellulase (glycosyl hydrolase family 5) protein
Prupe.1G245900,42.53869004,2.920539133,0.451246364,4.256076693,2.08E-05,0.000900759,32114307,Prupe.1G245900.1,Prupe.1G245900.1.p,,,,,,,,,
Prupe.1G246000,557.7319008,4.341768662,0.633712682,5.273318265,1.34E-07,1.03E-05,32115711,Prupe.1G246000.1,Prupe.1G246000.1.p,,,,,,,AT1G24575.1,,
Prupe.1G246500,10.9606758,5.951935017,1.419031193,3.489659031,0.000483637,0.013461235,32115217,Prupe.1G246500.1,Prupe.1G246500.1.p,PF05910,"PTHR31972,PTHR31972:SF11",,,,,AT4G12690.1,,Plant protein of unknown function (DUF868)
Prupe.1G251600,119.6409548,-4.446231036,0.610441895,-5.645469392,1.65E-08,1.54E-06,32116347,Prupe.1G251600.1,Prupe.1G251600.1.p,PF01501,"PTHR11183,PTHR11183:SF53",KOG1950,2.4.1.123,K18819,GO:0016757,AT1G60470.1,"AtGolS4,GolS4",galactinol synthase 4
Prupe.1G252600,169.1605227,-2.849579088,0.454233544,-4.071868123,4.66E-05,0.001802292,32117199,Prupe.1G252600.1,Prupe.1G252600.1.p,"PF00010,PF14215","PTHR31945,PTHR31945:SF14",,,,GO:0046983,AT1G10610.1,,basic helix-loop-helix (bHLH) DNA-binding superfamily protein
Prupe.1G253300,720.2808404,3.650097873,0.281006112,9.430748153,4.07E-21,2.72E-18,32120327,Prupe.1G253300.1,Prupe.1G253300.1.p,PF00484,"PTHR11002,PTHR11002:SF15",KOG1578,4.2.1.1,K01673,"GO:0008270,GO:0004089",AT5G14740.1,"BETA CA2,CA18,CA2",carbonic anhydrase 2
Prupe.1G255200,1869.017917,1.613647166,0.189631228,3.236002709,0.001212162,0.029657662,32114271,Prupe.1G255200.1,Prupe.1G255200.1.p,PF00171,"PTHR11699,PTHR11699:SF180",,,K00128,"GO:0055114,GO:0016491,GO:0008152",AT3G48000.1,"ALDH2,ALDH2A,ALDH2B4",aldehyde dehydrogenase 2B4
Prupe.1G256200,1693.699745,1.905857219,0.247228197,3.664053016,0.000248255,0.007489304,32114288,Prupe.1G256200.1,Prupe.1G256200.1.p,"PF02358,PF00982","PTHR10788,PTHR10788:SF14",,"2.4.1.15,3.1.3.12",K16055,"GO:0005992,GO:0003824",AT1G60140.1,"ATTPS10,TPS10",trehalose phosphate synthase
Prupe.1G257100,46.57739035,4.274693041,0.715904828,4.574201643,4.78E-06,0.000251159,32118290,Prupe.1G257100.1,Prupe.1G257100.1.p,PF00892,"PTHR31218,PTHR31218:SF42",,,,"GO:0016021,GO:0016020,GO:0022857",AT3G28050.1,,nodulin MtN21 /EamA-like transporter family protein
Prupe.1G265600,436.0893068,3.116377832,0.612222647,3.456876092,0.000546476,0.015117107,32113275,Prupe.1G265600.1,Prupe.1G265600.1.p,PF13098,"PTHR10438,PTHR10438:SF278",KOG0907,1.6.5.4,K03671,"GO:0045454,GO:0015035,GO:0006662",AT5G39950.1,"ATH2,ATTRX2,ATTRXH2,TRX2,TRXH2",thioredoxin 2
Prupe.1G266400,383.545311,2.382040722,0.362428209,3.813281326,0.000137134,0.004392041,32114098,Prupe.1G266400.1,Prupe.1G266400.1.p,PF00854,"PTHR11654,PTHR11654:SF20",,,,"GO:0016020,GO:0006810,GO:0005215",AT1G69870.1,NRT1.7,nitrate transporter 1.7
Prupe.1G271700,12.92890482,4.280315696,1.001303038,3.276046882,0.001052711,0.026607978,32110863,Prupe.1G271700.1,Prupe.1G271700.1.p,PF00010,"PTHR12565,PTHR12565:SF148",,,,GO:0046983,AT1G26945.1,KDR,basic helix-loop-helix (bHLH) DNA-binding superfamily protein
Prupe.1G271900,1399.280778,1.966720389,0.279903722,3.453760388,0.000552828,0.015117107,32112947,Prupe.1G271900.1,Prupe.1G271900.1.p,PF01344,"PTHR24413,PTHR24413:SF138",,,,GO:0005515,AT1G14330.1,,Galactose oxidase/kelch repeat superfamily protein
Prupe.1G274400,18.90919674,7.757559465,1.461091073,4.62500907,3.75E-06,0.000199039,32114409,Prupe.1G274400.1,Prupe.1G274400.1.p,PF02798,"PTHR11260,PTHR11260:SF221",KOG0406,2.5.1.18,K00799,GO:0005515,AT1G74590.1,"ATGSTU10,GSTU10",glutathione S-transferase TAU 10
Prupe.1G275400,33.12039583,6.122978743,0.968995715,5.286895147,1.24E-07,9.70E-06,32116764,Prupe.1G275400.1,Prupe.1G275400.1.p,PF00445,"PTHR11240,PTHR11240:SF19",KOG1642,3.1.27.1,K01166,"GO:0033897,GO:0003723",AT1G14220.1,,Ribonuclease T2 family protein
Prupe.1G277400,1431.427897,9.217314986,0.983189669,8.357812579,6.39E-17,2.49E-14,32118340,Prupe.1G277400.1,Prupe.1G277400.1.p,PF00067,"PTHR24296,PTHR24296:SF8",KOG0157,,,"GO:0055114,GO:0020037,GO:0016705,GO:0005506",AT1G69500.1,CYP704B1,"cytochrome P450, family 704, subfamily B, polypeptide 1"
Prupe.1G277500,961.8434804,4.106808221,0.36669493,8.472460249,2.40E-17,1.02E-14,32120256,Prupe.1G277500.1,Prupe.1G277500.1.p,PF02365,"PTHR31719,PTHR31719:SF40",,,,"GO:0006355,GO:0003677",AT1G69490.1,"ANAC029,ATNAP,NAP","NAC-like, activated by AP3/PI"
Prupe.1G278700,69.05204359,2.160484189,0.340206534,3.411116698,0.000646974,0.017386495,32119017,Prupe.1G278700.1,Prupe.1G278700.1.p,"PF03105,PF03124","PTHR10783,PTHR10783:SF43",,,,GO:0016021,AT1G14040.1,,EXS (ERD1/XPR1/SYG1) family protein
Prupe.1G288900,1549.839952,-3.046807039,0.508227056,-4.027347649,5.64E-05,0.002093423,32113905,Prupe.1G288900.1,Prupe.1G288900.1.p,PF00067,"PTHR24298,PTHR24298:SF112",KOG0156,1.14.13.21,,"GO:0055114,GO:0020037,GO:0016705,GO:0005506",AT1G13710.1,"CYP78A5,KLU","cytochrome P450, family 78, subfamily A, polypeptide 5"
Prupe.1G292100,28.44407105,7.36664961,1.886105035,3.375554114,0.000736672,0.019244014,32110958,Prupe.1G292100.1,Prupe.1G292100.1.p,PF00067,"PTHR24282,PTHR24282:SF20",KOG0157,,K15639,"GO:0055114,GO:0020037,GO:0016705,GO:0005506",AT3G14630.1,CYP72A9,"cytochrome P450, family 72, subfamily A, polypeptide 9"
Prupe.1G294900,119.546153,-2.410737336,0.408301408,-3.455137086,0.000550013,0.015117107,32112329,Prupe.1G294900.1,Prupe.1G294900.1.p,PF00161,,,3.2.2.22,,"GO:0030598,GO:0017148",,,
Prupe.1G295800,669.1243721,2.863082837,0.367317144,5.072136889,3.93E-07,2.79E-05,32115622,Prupe.1G295800.1,Prupe.1G295800.1.p,PF03222,"PTHR22950,PTHR22950:SF237",KOG1305,,K14207,GO:0003333,AT3G30390.1,,Transmembrane amino acid transporter family protein
Prupe.1G295900,26.64705906,8.225257881,1.315919364,5.490653971,4.00E-08,3.40E-06,32110658,Prupe.1G295900.1,Prupe.1G295900.1.p,"PF02985,PF00514,PF04564","PTHR22849,PTHR22849:SF3",,6.3.2.19,,"GO:0005515,GO:0016567,GO:0004842",AT1G68940.1,,Armadillo/beta-catenin-like repeat family protein
Prupe.1G298100,51.57477738,9.196048665,1.594270077,5.140941164,2.73E-07,1.97E-05,32116269,Prupe.1G298100.1,Prupe.1G298100.1.p,PF02535,"PTHR11040,PTHR11040:SF41",KOG1558,,K14709,"GO:0055085,GO:0046873,GO:0030001,GO:0016020",AT1G31260.1,ZIP10,zinc transporter 10 precursor
Prupe.1G307000,138.1173023,9.651514121,1.586526636,5.453116212,4.95E-08,4.13E-06,32117091,Prupe.1G307000.1,Prupe.1G307000.1.p,,,,,,,,,
Prupe.1G307400,25.97746519,-4.724990335,0.791531975,-4.706051625,2.53E-06,0.000138938,32118190,Prupe.1G307400.1,Prupe.1G307400.1.p,,PTHR34956,,,,,AT3G06070.1,,
Prupe.1G310300,369.8088826,6.760022727,0.80864653,7.123041417,1.06E-12,2.47E-10,32117428,Prupe.1G310300.1,Prupe.1G310300.1.p,PF01073,"PTHR10366,PTHR10366:SF307",KOG1502,,,"GO:0055114,GO:0016616,GO:0006694,GO:0003854",AT1G68540.1,,NAD(P)-binding Rossmann-fold superfamily protein
Prupe.1G312600,237.6397221,3.05013381,0.40701265,5.037027257,4.73E-07,3.25E-05,32111264,Prupe.1G312600.1,Prupe.1G312600.1.p,,"PTHR36715,PTHR36715:SF1",,,,,AT1G68440.1,,
Prupe.1G312700,172.9081219,-2.251556417,0.353341472,-3.542059211,0.000397016,0.011389254,32114149,Prupe.1G312700.1,Prupe.1G312700.1.p,PF02265,"PTHR33146,PTHR33146:SF2",,3.1.30.1,,"GO:0006308,GO:0004519,GO:0003676",AT1G68290.1,ENDO 2,endonuclease 2
Prupe.1G316700,7.741613199,5.453543659,1.380101857,3.22696737,0.001251097,0.030155313,32111069,Prupe.1G316700.1,Prupe.1G316700.1.p,,"PTHR37199,PTHR37199:SF2",,,,,AT1G68238.1,,
Prupe.1G320200,144.276142,4.999054466,0.693579764,5.765817682,8.13E-09,8.26E-07,32112786,Prupe.1G320200.1,Prupe.1G320200.1.p,PF01554,"PTHR11206,PTHR11206:SF87",KOG1347,,K03327,"GO:0055085,GO:0016020,GO:0015297,GO:0015238,GO:0006855",AT1G71140.1,,MATE efflux family protein
Prupe.1G322000,37.31567654,4.966583268,1.158887137,3.422752001,0.000619906,0.01675538,32119974,Prupe.1G322000.1,Prupe.1G322000.1.p,PF02469,"PTHR33985,PTHR33985:SF4",,,,,AT5G40940.1,FLA20,putative fasciclin-like arabinogalactan protein 20
Prupe.1G322400,501.8605394,2.634177304,0.339266182,4.816799877,1.46E-06,8.63E-05,32115698,Prupe.1G322400.1,Prupe.1G322400.1.p,,"PTHR33782,PTHR33782:SF5",,,,,AT2G01300.1,,
Prupe.1G322500,563.1785323,2.921297195,0.382581093,5.02193451,5.12E-07,3.47E-05,32116732,Prupe.1G322500.1,Prupe.1G322500.1.p,,"PTHR33782,PTHR33782:SF4",,,,,AT2G01300.1,,
Prupe.1G324900,1154.153674,3.212245679,0.522126808,4.236989263,2.27E-05,0.000962988,32115541,Prupe.1G324900.1,Prupe.1G324900.1.p,PF03547,"PTHR31752,PTHR31752:SF12",,,,"GO:0055085,GO:0016021",AT1G70940.1,"ATPIN3,PIN3",Auxin efflux carrier family protein
Prupe.1G328500,17.66457986,4.080512247,0.853400134,3.609692716,0.00030656,0.009188938,32115590,Prupe.1G328500.1,Prupe.1G328500.1.p,PF10604,"PTHR31907,PTHR31907:SF2",,,,,AT5G28010.1,,Polyketide cyclase/dehydrase and lipid transport superfamily protein
Prupe.1G328800,377.1516667,3.201171513,0.678670707,3.243357184,0.0011813,0.029226241,32119833,Prupe.1G328800.1,Prupe.1G328800.1.p,PF10604,"PTHR31907,PTHR31907:SF4",,,,,AT1G70830.3,MLP28,MLP-like protein 28
Prupe.1G329000,455.5460456,4.824049483,0.54943749,6.959935485,3.40E-12,6.53E-10,32112008,Prupe.1G329000.1,Prupe.1G329000.1.p,PF10604,"PTHR31907,PTHR31907:SF4",,,,,AT1G70830.3,MLP28,MLP-like protein 28
Prupe.1G330000,63.29855281,3.092424275,0.418871839,4.995380635,5.87E-07,3.87E-05,32115086,Prupe.1G330000.1,Prupe.1G330000.1.p,PF10716,"PTHR36727,PTHR36727:SF2",,1.6.5.3,,"GO:0055114,GO:0016655",AT1G70760.1,CRR23,inorganic carbon transport protein-related
Prupe.1G332700,55.35913463,4.105746961,0.572619401,5.42375434,5.84E-08,4.79E-06,32117351,Prupe.1G332700.1,Prupe.1G332700.1.p,,"PTHR34780,PTHR34780:SF2",,,,,AT1G67920.1,,
Prupe.1G334100,59.19135732,3.772374046,0.626876103,4.422523099,9.76E-06,0.000483341,32112879,Prupe.1G334100.1,Prupe.1G334100.1.p,,,,,,,AT2G01755.1,,
Prupe.1G334800,267.8191917,3.796055575,0.531125326,5.264398887,1.41E-07,1.06E-05,32114611,Prupe.1G334800.1,Prupe.1G334800.1.p,PF01823,"PTHR33199,PTHR33199:SF4",,,,,AT1G14780.1,,MAC/Perforin domain-containing protein
Prupe.1G337600,150.18406,6.94580582,0.997541769,5.960458001,2.52E-09,2.87E-07,32115798,Prupe.1G337600.1,Prupe.1G337600.1.p,PF00149,"PTHR10161,PTHR10161:SF14",,3.1.3.2,,GO:0016787,AT1G14700.1,"ATPAP3,PAP3",purple acid phosphatase 3
Prupe.1G338600,47.55774917,7.165956984,1.581977698,3.897625732,9.71E-05,0.003244489,32111270,Prupe.1G338600.1,Prupe.1G338600.1.p,PF00628,"PTHR15856,PTHR15856:SF15",KOG1844,,,GO:0005515,AT5G22260.1,MS1,RING/FYVE/PHD zinc finger superfamily protein
Prupe.1G339900,15.81756219,4.222750132,0.838657432,3.842749146,0.000121664,0.003950694,32113974,Prupe.1G339900.1,Prupe.1G339900.1.p,PF00282,"PTHR11999,PTHR11999:SF105",,4.1.1.15,K01580,"GO:0030170,GO:0019752,GO:0016831",AT2G02010.1,GAD4,glutamate decarboxylase 4
Prupe.1G340300,921.0526083,7.707795367,1.014057715,6.614806304,3.72E-11,5.61E-09,32119854,Prupe.1G340300.1,Prupe.1G340300.1.p,PF13561,"PTHR24322,PTHR24322:SF510",KOG0725,1.1.1.288,,,AT3G42960.1,"ASD,ATA1,TA1",TAPETUM 1
Prupe.1G341500,10717.95482,-2.892952766,0.531659022,-3.560463923,0.0003702,0.0108191,32113999,Prupe.1G341500.1,Prupe.1G341500.1.p,PF00304,PTHR33147,,,,,AT2G02100.1,"LCR69,PDF2.2",low-molecular-weight cysteine-rich 69
Prupe.1G341600,522.6696403,-4.298630132,0.402878632,-8.187652228,2.66E-16,9.58E-14,32118082,Prupe.1G341600.1,Prupe.1G341600.1.p,PF00304,PTHR33147,,,,,AT2G02100.1,"LCR69,PDF2.2",low-molecular-weight cysteine-rich 69
Prupe.1G347600,48.99807635,3.500478784,0.581559525,4.299609368,1.71E-05,0.000754774,32116916,Prupe.1G347600.1,Prupe.1G347600.1.p,,"PTHR34379,PTHR34379:SF1",,,,,AT5G08240.1,,
Prupe.1G353300,149.9600546,2.43579075,0.454146844,3.161512114,0.001569523,0.035975927,32117061,Prupe.1G353300.1,Prupe.1G353300.1.p,"PF00005,PF01061","PTHR19241,PTHR19241:SF213",,,,"GO:0016887,GO:0005524,GO:0016020",AT1G31770.1,ABCG14,ATP-binding cassette 14
Prupe.1G356500,10.28016351,4.420256172,1.094109932,3.126062631,0.001771638,0.039883279,32112974,Prupe.1G356500.1,Prupe.1G356500.1.p,"PF17048,PF04734","PTHR12670,PTHR12670:SF6",,3.5.1.23,K12349,,AT2G38010.2,,Neutral/alkaline non-lysosomal ceramidase
Prupe.1G359900,2366.880713,-2.374759078,0.303703775,-4.526644684,5.99E-06,0.000307936,32117426,Prupe.1G359900.1,Prupe.1G359900.1.p,PF03171,"PTHR10869,PTHR10869:SF78",KOG1591,1.14.11.2,K00472,"GO:0055114,GO:0016491",AT1G20270.1,,2-oxoglutarate (2OG) and Fe(II)-dependent oxygenase superfamily protein
Prupe.1G361100,49.32017488,4.885410391,0.929233937,4.181304877,2.90E-05,0.001188856,32112494,Prupe.1G361100.1,Prupe.1G361100.1.p,,,,,,,AT4G35900.1,"atbzip14,FD,FD-1",Basic-leucine zipper (bZIP) transcription factor family protein
Prupe.1G361300,393.3220779,7.377255784,1.507194215,4.231210364,2.32E-05,0.000979168,32120529,Prupe.1G361300.1,Prupe.1G361300.1.p,"PF02225,PF05922,PF00082","PTHR10795,PTHR10795:SF328",,3.4.14.10,,"GO:0006508,GO:0004252",AT1G20160.1,ATSBT5.2,Subtilisin-like serine endopeptidase family protein
Prupe.1G361600,103.1058103,10.19188831,2.344269213,3.921003721,8.82E-05,0.003009736,32119032,Prupe.1G361600.1,Prupe.1G361600.1.p,PF00657,"PTHR22835,PTHR22835:SF184",,3.1.1.3,,GO:0016788,AT1G75900.1,,GDSL-like Lipase/Acylhydrolase superfamily protein
Prupe.1G362300,37.6181563,4.52742426,0.921349785,3.828539732,0.000128906,0.004156991,32113931,Prupe.1G362300.1,Prupe.1G362300.1.p,PF13920,"PTHR10044,PTHR10044:SF113",KOG1100,,K19042,,AT4G35070.1,,SBP (S-ribonuclease binding protein) family protein
Prupe.1G363800,98.99593284,2.467656211,0.360966287,4.065909381,4.78E-05,0.001821639,32115103,Prupe.1G363800.1,Prupe.1G363800.1.p,,PTHR37714,,,,,AT1G75810.1,,
Prupe.1G373000,61.1011291,5.925209627,0.85138476,5.784939849,7.25E-09,7.54E-07,32114048,Prupe.1G373000.1,Prupe.1G373000.1.p,PF00085,"PTHR10438,PTHR10438:SF274",KOG0907,1.6.5.4,K03671,"GO:0045454,GO:0015035,GO:0006662",AT3G51030.1,"ATTRX H1,ATTRX1,TRX1",thioredoxin H-type 1
Prupe.1G373100,29.89720627,2.73503731,0.55853389,3.106413666,0.001893716,0.042166742,32115293,Prupe.1G373100.1,Prupe.1G373100.1.p,PF00085,"PTHR10438,PTHR10438:SF274",KOG0907,1.6.5.4,,"GO:0045454,GO:0015035,GO:0006662",AT3G51030.1,"ATTRX H1,ATTRX1,TRX1",thioredoxin H-type 1
Prupe.1G374000,291.5791565,6.720741221,1.058477804,5.404686995,6.49E-08,5.23E-06,32114915,Prupe.1G374000.1,Prupe.1G374000.1.p,PF00141,"PTHR31388,PTHR31388:SF4",,1.11.1.7,K00430,"GO:0055114,GO:0020037,GO:0006979,GO:0004601",AT1G44970.1,,Peroxidase superfamily protein
Prupe.1G375100,1840.328475,1.814117043,0.216745387,3.7560986,0.000172583,0.005367018,32113816,Prupe.1G375100.1,Prupe.1G375100.1.p,PF02577,"PTHR15160,PTHR15160:SF3",,,,GO:0004518,AT1G75380.1,"ATBBD1,BBD1",bifunctional nuclease in basal defense response 1
Prupe.1G376300,1147.917072,-2.376449288,0.289900948,-4.74799857,2.05E-06,0.000117151,32116089,Prupe.1G376300.1,Prupe.1G376300.1.p,PF00150,"PTHR31451,PTHR31451:SF18",,3.2.1.78,K19355,"GO:0005975,GO:0004553",AT5G66460.1,,Glycosyl hydrolase superfamily protein
Prupe.1G377300,2255.35515,5.123340401,0.988562464,4.171046902,3.03E-05,0.001232852,32115063,Prupe.1G377300.1,Prupe.1G377300.1.p,PF01370,"PTHR10366,PTHR10366:SF391",,,,"GO:0050662,GO:0003824",AT4G39230.1,,NmrA-like negative transcriptional regulator family protein
Prupe.1G380200,66.65876235,2.672593847,0.510439064,3.276774769,0.001050001,0.026607978,32114298,Prupe.1G380200.1,Prupe.1G380200.1.p,PF14383,"PTHR34282,PTHR34282:SF1",,,,,AT5G42710.1,,
Prupe.1G382300,217.3408496,-2.471248533,0.419622741,-3.506122017,0.000454687,0.012731228,32111745,Prupe.1G382300.1,Prupe.1G382300.1.p,PF05903,"PTHR12378,PTHR12378:SF11",KOG0324,,,,AT1G47740.2,,PPPDE putative thiol peptidase family protein
Prupe.1G383700,217.8039388,7.976972361,2.055779117,3.393833658,0.000689215,0.018207748,32119867,Prupe.1G383700.1,Prupe.1G383700.1.p,PF00314,"PTHR31048,PTHR31048:SF10",,,,,AT1G75030.1,"ATLP-3,TLP-3",thaumatin-like protein 3
Prupe.1G384400,50.14095551,3.195245939,0.505601058,4.341853926,1.41E-05,0.000647697,32116342,Prupe.1G384400.1,Prupe.1G384400.1.p,"PF13833,PF13499","PTHR10891,PTHR10891:SF568",KOG0027,,K13448,,AT3G50770.1,CML41,calmodulin-like 41
Prupe.1G386400,156.6737926,3.203861357,0.370404891,5.949871104,2.68E-09,2.99E-07,32111748,Prupe.1G386400.1,Prupe.1G386400.1.p,PF00069,"PTHR27005,PTHR27005:SF16",KOG1187,2.7.11.1,,"GO:0006468,GO:0005524,GO:0004672",AT2G23450.2,,Protein kinase superfamily protein
Prupe.1G388300,85.05232944,-3.442638027,0.435937869,-5.603179267,2.10E-08,1.89E-06,32116546,Prupe.1G388300.1,Prupe.1G388300.1.p,PF02362,,,,,GO:0003677,AT5G18000.1,VDD,VERDANDI
Prupe.1G398000,14.2501249,4.381391453,0.959044789,3.525790966,0.00042222,0.011965461,32112402,Prupe.1G398000.1,Prupe.1G398000.1.p,PF00026,"PTHR13683,PTHR13683:SF246",KOG1339,3.4.23.12,,"GO:0006508,GO:0004190",AT5G10770.1,,Eukaryotic aspartyl protease family protein
Prupe.1G398200,12.72698478,6.167646922,1.465398201,3.52644552,0.000421178,0.011965461,32113183,Prupe.1G398200.1,Prupe.1G398200.1.p,PF00026,"PTHR13683,PTHR13683:SF246",KOG1339,3.4.23.12,,"GO:0006508,GO:0004190",AT5G10770.1,,Eukaryotic aspartyl protease family protein
Prupe.1G407300,1800.091864,-2.006287646,0.32757234,-3.071955482,0.002126614,0.047128194,32114694,Prupe.1G407300.1,Prupe.1G407300.1.p,PF00011,"PTHR11527,PTHR11527:SF93",,,K13993,,AT5G12020.1,HSP17.6II,17.6 kDa class II heat shock protein
Prupe.1G409700,180.1584075,5.169903961,0.954416256,4.369062173,1.25E-05,0.000583477,32113398,Prupe.1G409700.1,Prupe.1G409700.1.p,,"PTHR31250,PTHR31250:SF13",,,,,AT4G33050.3,EDA39,calmodulin-binding family protein
Prupe.1G414300,27.38247813,3.873569091,0.74673436,3.848181155,0.000118998,0.003918555,32120687,Prupe.1G414300.1,Prupe.1G414300.1.p,PF04718,"PTHR12386,PTHR12386:SF14",,,K02140,"GO:0015986,GO:0015078,GO:0000276",AT2G19680.1,,Mitochondrial ATP synthase subunit G protein
Prupe.1G415600,28.8200272,8.345352193,1.663426164,4.415796957,1.01E-05,0.000483341,32112623,Prupe.1G415600.1,Prupe.1G415600.1.p,"PF14365,PF03080","PTHR31589,PTHR31589:SF12",,,,,AT5G56530.2,,Protein of Unknown Function (DUF239)
Prupe.1G415700,15.64465233,7.467179415,1.727628055,3.743386429,0.000181557,0.005585257,32112143,Prupe.1G415700.1,Prupe.1G415700.1.p,"PF14365,PF03080","PTHR31589,PTHR31589:SF12",,,,,AT2G44210.1,,Protein of Unknown Function (DUF239)
Prupe.1G415800,7.917294641,6.468565114,1.605002578,3.407200205,0.00065633,0.017537128,32117031,Prupe.1G415800.1,Prupe.1G415800.1.p,"PF14365,PF03080","PTHR31589,PTHR31589:SF12",,,,,AT1G55360.1,,Protein of Unknown Function (DUF239)
Prupe.1G417100,839.8951408,5.836451362,0.358816617,13.47889462,2.08E-41,2.51E-38,32116002,Prupe.1G417100.1,Prupe.1G417100.1.p,PF01063,"PTHR11825,PTHR11825:SF42",KOG0975,"2.6.1.88,2.6.1.42",K00826,"GO:0008152,GO:0003824",AT1G10070.1,"ATBCAT-2,BCAT-2",branched-chain amino acid transaminase 2
Prupe.1G423400,315.7800538,1.709665358,0.232267595,3.055378252,0.002247768,0.048957434,32118669,Prupe.1G423400.1,Prupe.1G423400.1.p,PF12697,"PTHR10992,PTHR10992:SF891",KOG4178,,,,AT3G03990.1,,alpha/beta-Hydrolases superfamily protein
Prupe.1G425200,667.888071,2.29878461,0.27353509,4.748146244,2.05E-06,0.000117151,32114589,Prupe.1G425200.1,Prupe.1G425200.1.p,,,,,,,,,
Prupe.1G425300,116.3391998,4.002836235,0.501735326,5.984900959,2.17E-09,2.53E-07,32116478,Prupe.1G425300.1,Prupe.1G425300.1.p,,,,,,,,,
Prupe.1G425400,2429.992806,2.610869009,0.527299292,3.054942486,0.002251037,0.048957434,32116738,Prupe.1G425400.1,Prupe.1G425400.1.p,"PF05922,PF02225,PF00082","PTHR10795,PTHR10795:SF388",,3.4.14.10,,"GO:0006508,GO:0004252",AT5G67360.1,ARA12,Subtilase family protein
Prupe.1G430300,5799.476374,-4.656341473,0.364407446,-10.03366291,1.08E-23,8.45E-21,32112997,Prupe.1G430300.1,Prupe.1G430300.1.p,,,,,,,,,
Prupe.1G430400,778.2732816,-2.761860635,0.336829931,-5.230712809,1.69E-07,1.25E-05,32119705,Prupe.1G430400.1,Prupe.1G430400.1.p,PF01112,"PTHR10188,PTHR10188:SF13",KOG1592,3.5.1.1,K13051,GO:0016787,AT3G16150.1,,N-terminal nucleophile aminohydrolases (Ntn hydrolases) superfamily protein
Prupe.1G430500,469.2293404,-1.782122874,0.235330558,-3.323507498,0.00088893,0.022838672,32111508,Prupe.1G430500.1,Prupe.1G430500.1.p,"PF02984,PF00134","PTHR10177,PTHR10177:SF242",KOG0656,,K14505,GO:0005634,AT4G34160.1,"CYCD3,CYCD3;1",CYCLIN D3;1
Prupe.1G433300,380.5691597,2.832061062,0.541146953,3.385514877,0.000710449,0.018663245,32119332,Prupe.1G433300.1,Prupe.1G433300.1.p,"PF05922,PF00082","PTHR10795,PTHR10795:SF396",,3.4.14.10,,"GO:0006508,GO:0004252",AT5G67090.1,,Subtilisin-like serine endopeptidase family protein
Prupe.1G437500,75.67014152,4.786560915,0.952785217,3.974202001,7.06E-05,0.0025206,32114386,Prupe.1G437500.1,Prupe.1G437500.1.p,,"PTHR33312,PTHR33312:SF8",,,K14499,,AT5G42750.1,BKI1,BRI1 kinase inhibitor 1
Prupe.1G441600,259.0639851,3.13803286,0.549572242,3.890358169,0.000100096,0.003319508,32118111,Prupe.1G441600.1,Prupe.1G441600.1.p,PF04759,PTHR31696,,,,,AT5G42680.1,,"Protein of unknown function, DUF617"
Prupe.1G444000,2716.291107,-2.636739145,0.237022234,-6.905424502,5.01E-12,9.00E-10,32118918,Prupe.1G444000.1,Prupe.1G444000.1.p,PF00365,"PTHR13697,PTHR13697:SF7",,2.7.1.11,K00850,"GO:0006096,GO:0003872",AT4G26270.1,PFK3,phosphofructokinase 3
Prupe.1G445000,231.6846666,2.763198378,0.517730989,3.405626504,0.000660124,0.0175383,32115550,Prupe.1G445000.1,Prupe.1G445000.1.p,PF02309,"PTHR31734,PTHR31734:SF2",,,K14484,"GO:0006355,GO:0005634",AT3G16500.1,"IAA26,PAP1",phytochrome-associated protein 1
Prupe.1G447700,25.8532082,4.382115646,1.104021645,3.063450487,0.002188004,0.048259939,32117785,Prupe.1G447700.1,Prupe.1G447700.1.p,"PF04434,PF13639","PTHR21540,PTHR21540:SF1",,"2.7.11.25,2.7.12.2",,"GO:0008270,GO:0005515",AT5G11620.1,,SWIM zinc finger family protein / mitogen-activated protein kinase kinase kinase (MAPKKK)-related
Prupe.1G449500,50.12696268,8.174045421,1.260150123,5.693008546,1.25E-08,1.22E-06,32113554,Prupe.1G449500.1,Prupe.1G449500.1.p,PF00230,"PTHR19139,PTHR19139:SF52",KOG0223,,K09873,"GO:0016020,GO:0006810,GO:0005215",AT2G25810.1,TIP4;1,tonoplast intrinsic protein 4;1
Prupe.1G456000,1561.416496,2.65858897,0.227220681,7.299463067,2.89E-13,7.51E-11,32116254,Prupe.1G456000.1,Prupe.1G456000.1.p,"PF08544,PF10509,PF00288,PF13528","PTHR10457,PTHR10457:SF12",KOG0631,2.7.1.46,K12446,GO:0005524,AT4G16130.1,"ARA1,ATISA1,ISA1",arabinose kinase
Prupe.1G457000,333.9784161,4.95040345,0.565161446,6.989867196,2.75E-12,5.59E-10,32120679,Prupe.1G457000.1,Prupe.1G457000.1.p,PF13905,"PTHR13871,PTHR13871:SF38",KOG2501,1.8.1.8,K17609,,AT4G31240.2,,protein kinase C-like zinc finger protein
Prupe.1G459400,1386.141605,1.602641571,0.188406251,3.198628318,0.001380831,0.032775453,32115099,Prupe.1G459400.1,Prupe.1G459400.1.p,,"PTHR33172,PTHR33172:SF15",,,,,AT2G24550.1,,
Prupe.1G460700,2969.918367,2.553752118,0.203095531,7.650351104,2.00E-14,5.86E-12,32120232,Prupe.1G460700.1,Prupe.1G460700.1.p,"PF00690,PF00702,PF00122","PTHR24093,PTHR24093:SF361",,3.6.3.6,K01535,"GO:0046872,GO:0000166",AT2G24520.1,"AHA5,HA5",H(+)-ATPase 5
Prupe.1G465600,51.66184636,4.384589002,0.901345985,3.75503864,0.000173315,0.005367018,32119163,Prupe.1G465600.1,Prupe.1G465600.1.p,PF03181,"PTHR31236,PTHR31236:SF2",,,,,AT5G25610.1,"ATRD22,RD22",BURP domain-containing protein
Prupe.1G469000,22.97689277,5.100897569,0.923688567,4.439697227,9.01E-06,0.000457869,32119724,Prupe.1G469000.1,Prupe.1G469000.1.p,"PF01657,PF07714","PTHR27002,PTHR27002:SF122",KOG1187,2.7.11.1,,"GO:0006468,GO:0004672",AT4G21410.1,CRK29,cysteine-rich RLK (RECEPTOR-like protein kinase) 29
Prupe.1G470100,298.9604244,-3.074683622,0.440237923,-4.712641768,2.45E-06,0.000136119,32115079,Prupe.1G470100.1,Prupe.1G470100.1.p,,"PTHR33287,PTHR33287:SF2",,,,,,,
Prupe.1G470300,68.11291298,2.939874986,0.490429993,3.955457482,7.64E-05,0.002685653,32120015,Prupe.1G470300.1,Prupe.1G470300.1.p,,,,,,,,,
Prupe.1G470500,51.18511819,-5.954803949,0.742836772,-6.670111302,2.56E-11,3.98E-09,32120752,Prupe.1G470500.1,Prupe.1G470500.1.p,,"PTHR33287,PTHR33287:SF2",,,,,,,
Prupe.1G470600,122.9484245,-3.964156707,0.438939074,-6.753002596,1.45E-11,2.42E-09,32114025,Prupe.1G470600.1,Prupe.1G470600.1.p,,"PTHR33287,PTHR33287:SF2",,,,,,,
Prupe.1G471200,543.5271206,6.361929041,1.08806075,4.927968443,8.31E-07,5.12E-05,32113225,Prupe.1G471200.1,Prupe.1G471200.1.p,"PF14510,PF08370,PF00005,PF01061","PTHR19241,PTHR19241:SF219",,3.6.3.25,,"GO:0016887,GO:0005524,GO:0016020",AT1G15520.1,"ABCG40,ATABCG40,ATPDR12,PDR12",pleiotropic drug resistance 12
Prupe.1G471500,869.8469864,12.30595866,2.287860085,4.941717692,7.74E-07,4.89E-05,32119165,Prupe.1G471500.1,Prupe.1G471500.1.p,PF02458,"PTHR31642,PTHR31642:SF54",,2.3.1.140,,GO:0016747,AT4G29250.1,,HXXXD-type acyl-transferase family protein
Prupe.1G472600,167.7987152,4.962520881,1.031060788,3.843149626,0.000121465,0.003950694,32119338,Prupe.1G472600.1,Prupe.1G472600.1.p,"PF07885,PF00027,PF11834,PF12796","PTHR10217,PTHR10217:SF504",,,,,AT2G26650.1,"AKT1,ATAKT1,KT1",K+ transporter 1
Prupe.1G476200,7.056960346,6.337934331,1.686638285,3.164836455,0.001551701,0.03574264,32114748,Prupe.1G476200.1,Prupe.1G476200.1.p,PF03181,"PTHR31236,PTHR31236:SF2",,,,,AT5G25610.1,"ATRD22,RD22",BURP domain-containing protein
Prupe.1G480100,279.1831717,3.400309814,0.752446236,3.190008401,0.001422687,0.033598396,32112486,Prupe.1G480100.1,Prupe.1G480100.1.p,PF00135,,KOG1515,3.1.1.1,,,AT5G16080.1,"AtCXE17,CXE17",carboxyesterase 17
Prupe.1G480500,21.20220639,3.768104432,0.695493465,3.980058147,6.89E-05,0.002478223,32118739,Prupe.1G480500.1,Prupe.1G480500.1.p,"PF00168,PF00614,PF12357","PTHR18896,PTHR18896:SF11",,3.1.4.4,K01115,"GO:0005515,GO:0003824",AT3G15730.1,"PLD,PLDALPHA1",phospholipase D alpha 1
Prupe.1G480600,1109.954298,2.669129763,0.345474768,4.831408595,1.36E-06,8.13E-05,32119186,Prupe.1G480600.1,Prupe.1G480600.1.p,PF13259,"PTHR33373,PTHR33373:SF1",,,,,AT5G25360.2,,
Prupe.1G488900,98.04944853,2.751667376,0.403154984,4.344898229,1.39E-05,0.000645104,32118475,Prupe.1G488900.1,Prupe.1G488900.1.p,PF10664,"PTHR36900,PTHR36900:SF1",,,,"GO:0055114,GO:0016655",AT4G37925.1,NDH-M,subunit NDH-M of NAD(P)H:plastoquinone dehydrogenase complex
Prupe.1G492300,57.77298255,4.000102933,0.679620174,4.414381807,1.01E-05,0.000483341,32111866,Prupe.1G492300.1,Prupe.1G492300.1.p,,"PTHR35466,PTHR35466:SF2",,,,,AT1G77400.1,,
Prupe.1G503100,700.4464995,5.779210178,0.712579336,6.706916598,1.99E-11,3.21E-09,32116722,Prupe.1G503100.1,Prupe.1G503100.1.p,PF01490,"PTHR22950,PTHR22950:SF3",KOG1303,,K13946,,AT2G21050.1,LAX2,like AUXIN RESISTANT 2
Prupe.1G509100,13.75614146,5.449315291,1.248811544,3.562839655,0.000366865,0.010789055,32117634,Prupe.1G509100.1,Prupe.1G509100.1.p,PF00155,"PTHR11751,PTHR11751:SF376",KOG0257,2.6.1.83,K10206,"GO:0030170,GO:0009058",AT2G13810.1,ALD1,AGD2-like defense response protein 1
Prupe.1G512100,14.22930111,4.861976774,1.263393732,3.056827556,0.002236929,0.048957434,32120633,Prupe.1G512100.1,Prupe.1G512100.1.p,PF14368,"PTHR33044,PTHR33044:SF27",,,,,AT5G64080.2,,Bifunctional inhibitor/lipid-transfer protein/seed storage 2S albumin superfamily protein
Prupe.1G518200,58.48779251,4.41776049,0.709897891,4.814439562,1.48E-06,8.63E-05,32119749,Prupe.1G518200.1,Prupe.1G518200.1.p,PF00244,"PTHR18860,PTHR18860:SF12",KOG0841,,K06630,GO:0019904,AT1G34760.1,"GF14 OMICRON,GRF11,RHS5",general regulatory factor 11
Prupe.1G519500,71.43364995,5.592493078,0.660189967,6.956320618,3.49E-12,6.53E-10,32118811,Prupe.1G519500.1,Prupe.1G519500.1.p,PF00201,"PTHR11926,PTHR11926:SF286",KOG1192,2.4.1.85,,"GO:0016758,GO:0008152",AT1G22360.1,"AtUGT85A2,UGT85A2",UDP-glucosyl transferase 85A2
Prupe.1G523700,132.6469757,5.435743531,0.708658743,6.259350603,3.87E-10,4.89E-08,32118547,Prupe.1G523700.1,Prupe.1G523700.1.p,PF02298,"PTHR33021,PTHR33021:SF64",,,,GO:0009055,AT1G72230.1,,Cupredoxin superfamily protein
Prupe.1G529800,118.4055758,4.677056129,0.567835837,6.475561936,9.45E-11,1.33E-08,32120350,Prupe.1G529800.1,Prupe.1G529800.1.p,PF14543,"PTHR13683,PTHR13683:SF259",KOG1339,3.4.23.12,,"GO:0006508,GO:0004190",AT1G09750.1,,Eukaryotic aspartyl protease family protein
Prupe.1G530700,279.4203184,2.315850191,0.221604368,5.937835087,2.89E-09,3.14E-07,32112429,Prupe.1G530700.1,Prupe.1G530700.1.p,PF00484,"PTHR11002,PTHR11002:SF19",KOG1578,4.2.1.1,K01673,"GO:0008270,GO:0004089",AT4G33580.1,"ATBCA5,BCA5",beta carbonic anhydrase 5
Prupe.1G531400,254.1482079,-1.919232164,0.283865569,-3.2382658,0.001202587,0.029596302,32110423,Prupe.1G531400.1,Prupe.1G531400.1.p,"PF01486,PF00319","PTHR11945,PTHR11945:SF179",KOG0014,,,"GO:0006355,GO:0005634,GO:0003700,GO:0046983,GO:0003677",AT2G22540.1,"AGL22,SVP",K-box region and MADS-box transcription factor family protein 
Prupe.1G531500,126.8942247,-3.61374219,0.46400693,-5.632980934,1.77E-08,1.62E-06,32110738,Prupe.1G531500.1,Prupe.1G531500.1.p,PF00319,,,,,"GO:0046983,GO:0003677",AT4G24540.1,AGL24,AGAMOUS-like 24
Prupe.1G531600,1132.124058,-3.58662038,0.450010169,-5.7479154,9.04E-09,8.99E-07,32113288,Prupe.1G531600.1,Prupe.1G531600.1.p,"PF01486,PF00319","PTHR11945,PTHR11945:SF179",KOG0014,,,"GO:0006355,GO:0005634,GO:0003700,GO:0046983,GO:0003677",AT2G22540.1,"AGL22,SVP",K-box region and MADS-box transcription factor family protein 
Prupe.1G531700,1350.838752,-4.735274149,0.569216207,-6.562135979,5.30E-11,7.75E-09,32118189,Prupe.1G531700.1,Prupe.1G531700.1.p,"PF01486,PF00319","PTHR11945,PTHR11945:SF179",KOG0014,,,"GO:0006355,GO:0005634,GO:0003700,GO:0046983,GO:0003677",AT2G22540.1,"AGL22,SVP",K-box region and MADS-box transcription factor family protein 
Prupe.1G536600,20.67645089,4.982404658,0.92472484,4.306583415,1.66E-05,0.000738342,32120787,Prupe.1G536600.1,Prupe.1G536600.1.p,"PF14686,PF14683,PF06045","PTHR32018,PTHR32018:SF4",,4.2.2.23,K18195,,AT1G09890.1,,Rhamnogalacturonate lyase family protein
Prupe.1G536700,19.65753942,3.668633457,0.811220735,3.289651439,0.001003116,0.025631522,32116316,Prupe.1G536700.1,Prupe.1G536700.1.p,"PF14686,PF14683,PF06045","PTHR32018,PTHR32018:SF4",,4.2.2.23,K18195,,AT1G09890.1,,Rhamnogalacturonate lyase family protein
Prupe.1G541200,1868.991578,4.795421595,0.281630938,13.47657903,2.15E-41,2.51E-38,32112823,Prupe.1G541200.1,Prupe.1G541200.1.p,PF01293,"PTHR30031,PTHR30031:SF4",,"4.1.1.49,4.1.1.32",K01610,"GO:0006094,GO:0005524,GO:0004612",AT4G37870.1,"PCK1,PEPCK",phosphoenolpyruvate carboxykinase 1
Prupe.1G543000,250.7569752,3.119814448,0.299873935,7.069018676,1.56E-12,3.32E-10,32112262,Prupe.1G543000.1,Prupe.1G543000.1.p,PF01490,"PTHR22950,PTHR22950:SF278",KOG1303,,,,AT5G49630.1,AAP6,amino acid permease 6
Prupe.1G547400,24.30490331,5.162923514,1.236016093,3.368017244,0.000757109,0.019667999,32114356,Prupe.1G547400.1,Prupe.1G547400.1.p,PF00657,"PTHR22835,PTHR22835:SF207",,3.1.1.3,,GO:0016788,AT1G33811.1,,GDSL-like Lipase/Acylhydrolase superfamily protein
Prupe.1G549400,18.884035,6.783373883,1.400272711,4.130176814,3.62E-05,0.00142435,32113825,Prupe.1G549400.1,Prupe.1G549400.1.p,PF01738,"PTHR17630,PTHR17630:SF48",KOG3043,3.1.1.45,,GO:0016787,AT3G23600.1,,alpha/beta-Hydrolases superfamily protein
Prupe.1G554000,10.01575412,-5.731328328,1.348619096,-3.508276237,0.00045102,0.012704649,32112196,Prupe.1G554000.1,Prupe.1G554000.1.p,PF13664,"PTHR23241,PTHR23241:SF50",KOG2886,,,,AT1G72100.1,,late embryogenesis abundant domain-containing protein / LEA domain-containing protein
Prupe.1G580100,35.32298945,-2.422061538,0.440517366,-3.228162269,0.001245883,0.030155313,32111260,Prupe.1G580100.1,Prupe.1G580100.1.p,PF08241,"PTHR10108,PTHR10108:SF781",KOG3010,2.1.1.145,,"GO:0008168,GO:0008152",AT5G10830.1,,S-adenosyl-L-methionine-dependent methyltransferases superfamily protein
Prupe.1G580200,295.0550768,-3.210624601,0.396616047,-5.573714468,2.49E-08,2.20E-06,32118198,Prupe.1G580200.1,Prupe.1G580200.1.p,PF00067,"PTHR24298,PTHR24298:SF0",,,K09754,"GO:0055114,GO:0020037,GO:0016705,GO:0005506",AT2G40890.1,CYP98A3,"cytochrome P450, family 98, subfamily A, polypeptide 3"
Prupe.1G582100,13.59456686,6.297274709,1.325122613,3.997573249,6.40E-05,0.002337824,32117162,Prupe.1G582100.1,Prupe.1G582100.1.p,PF04669,"PTHR31444,PTHR31444:SF4",,2.1.1.112,K18801,,AT1G09610.1,,Protein of unknown function (DUF579)
Prupe.1G585400,56.42812748,3.709749942,0.596164559,4.545305318,5.49E-06,0.000285006,32119653,Prupe.1G585400.1,Prupe.1G585400.1.p,PF00854,"PTHR11654,PTHR11654:SF177",,,,"GO:0016020,GO:0006810,GO:0005215",AT1G59740.1,,Major facilitator superfamily protein
Prupe.1G586200,412.9518378,-2.39342894,0.393163333,-3.544147742,0.000393884,0.011369159,32111989,Prupe.1G586200.1,Prupe.1G586200.1.p,PF00011,"PTHR11527,PTHR11527:SF170",KOG0710,,K13993,,AT4G10250.1,ATHSP22.0,HSP20-like chaperones superfamily protein