"Row.names","baseMean","log2FoldChange","lfcSE","stat","pvalue","padj","X.pacId","transcriptName","peptideName","Pfam","Panther","KOG","KEGG.ec","KO","GO","Best.hit.arabi.name","arabi.symbol","arabi.defline"
"Prupe.1G001400",145.636937970386,8.8351895320296,1.77313983450417,4.41882212534049,9.92402810596288e-06,0.00048334113780993,32119817,"Prupe.1G001400.1","Prupe.1G001400.1.p","PF08541,PF08392","PTHR31561,PTHR31561:SF21","","2.3.1.199","K15397","GO:0016747,GO:0008610,GO:0016020,GO:0006633","AT2G26250.1","FDH,KCS10","3-ketoacyl-CoA synthase 10"
"Prupe.1G012200",1095.55851218857,-3.32592367897285,0.494525764375718,-4.70334175997699,2.55937471935589e-06,0.000139158560322187,32118838,"Prupe.1G012200.1","Prupe.1G012200.1.p","PF00012","PTHR19375,PTHR19375:SF101","KOG0101","","K09489","","AT2G32120.1","HSP70T-2","heat-shock protein 70T-2"
"Prupe.1G015800",105.48996474312,2.67590286574203,0.410432804785417,4.08325759101598,4.44087504668964e-05,0.00173046097652673,32118677,"Prupe.1G015800.1","Prupe.1G015800.1.p","PF07911","PTHR33108,PTHR33108:SF2","","","","","AT3G22540.1","","Protein of unknown function (DUF1677)"
"Prupe.1G016400",149.951243351563,2.80439550430267,0.526201469151147,3.4290962874229,0.000605594639769196,0.0164637240439579,32115815,"Prupe.1G016400.1","Prupe.1G016400.1.p","PF13302","PTHR13256,PTHR13256:SF26","","2.3.1.57","","GO:0008080","AT3G22560.1","","Acyl-CoA N-acyltransferases (NAT) superfamily protein"
"Prupe.1G020100",175.754426983669,2.93694304380555,0.44806650332119,4.32289186861415,1.53997221001859e-05,0.000692395197504513,32113034,"Prupe.1G020100.1","Prupe.1G020100.1.p","PF13639","PTHR22763,PTHR22763:SF83","","6.3.2.19","","GO:0008270,GO:0005515","AT2G15580.1","","RING/U-box superfamily protein"
"Prupe.1G021600",770.22085746496,-6.5370158627187,0.37186523855542,-14.8898452682167,3.8365637245306e-50,8.96988598795254e-47,32117949,"Prupe.1G021600.1","Prupe.1G021600.1.p","PF00504","PTHR14154,PTHR14154:SF5","","","","","AT3G22840.1","ELIP,ELIP1","Chlorophyll A-B binding family protein"
"Prupe.1G021700",184.294927689716,-6.51808353296211,0.505078044992203,-10.9252096535839,8.73384719622297e-28,8.16789389790773e-25,32118129,"Prupe.1G021700.1","Prupe.1G021700.1.p","PF00504","PTHR14154,PTHR14154:SF5","","","","","AT3G22840.1","ELIP,ELIP1","Chlorophyll A-B binding family protein"
"Prupe.1G024700",91.8821387561371,4.81890080669227,0.889683582795111,4.29242584728209,1.76731581175173e-05,0.00077233352670571,32117878,"Prupe.1G024700.1","Prupe.1G024700.1.p","PF04525","PTHR31087,PTHR31087:SF3","","","","","AT2G05910.1","","Protein of unknown function (DUF567)"
"Prupe.1G025900",32.2583581539115,4.96437006503309,0.995395317478436,3.98270917636597,6.81341111680909e-05,0.00246972948699219,32116200,"Prupe.1G025900.1","Prupe.1G025900.1.p","","","","","","","","",""
"Prupe.1G026100",92.3627565816404,4.08742351534687,0.811122938489108,3.80635705001496,0.000141028744244889,0.00448605719788503,32118345,"Prupe.1G026100.1","Prupe.1G026100.1.p","","","","","","","","",""
"Prupe.1G028500",878.491270334895,-2.13769840982423,0.275403599386468,-4.13102229730744,3.61153545509961e-05,0.00142435023293461,32115645,"Prupe.1G028500.1","Prupe.1G028500.1.p","PF14577,PF14576","PTHR33232,PTHR33232:SF5","","","","","AT3G01680.1","",""
"Prupe.1G029400",29.4754157294963,5.89028802834989,1.00833591153684,4.84986002422192,1.23548629821995e-06,7.50277133828116e-05,32112330,"Prupe.1G029400.1","Prupe.1G029400.1.p","PF03140","PTHR31549,PTHR31549:SF12","","","","","AT3G50150.1","","Plant protein of unknown function (DUF247)"
"Prupe.1G033800",15.2613593185069,6.44184801758658,1.38940677469489,3.91667013339676,8.97804624859248e-05,0.00304212639553757,32111749,"Prupe.1G033800.1","Prupe.1G033800.1.p","PF00069","PTHR24361,PTHR24361:SF243","KOG0582","2.7.11.1","","GO:0006468,GO:0005524,GO:0004672","AT4G14480.1","","Protein kinase superfamily protein"
"Prupe.1G034000",28.477077694023,5.84377260873086,0.956994371014652,5.06144315519354,4.16094803761277e-07,2.90396910804139e-05,32115098,"Prupe.1G034000.1","Prupe.1G034000.1.p","PF00069","PTHR24361,PTHR24361:SF243","KOG0582","2.7.11.1","K08835","GO:0006468,GO:0005524,GO:0004672","AT4G14480.1","","Protein kinase superfamily protein"
"Prupe.1G043400",39.8685080488095,4.87414162804545,0.976523737061951,3.9672785012902,7.26980232330685e-05,0.00257527239877143,32117461,"Prupe.1G043400.1","Prupe.1G043400.1.p","PF04749","PTHR15907,PTHR15907:SF43","","","","","AT3G18470.1","","PLAC8 family protein"
"Prupe.1G053900",38.5112325982502,4.26265054118058,1.04382999642954,3.12565317373577,0.00177410650600147,0.0398832789522254,32117408,"Prupe.1G053900.1","Prupe.1G053900.1.p","","PTHR34191,PTHR34191:SF1","","1.1.1.39","","","AT4G13560.1","UNE15","Late embryogenesis abundant protein (LEA) family protein"
"Prupe.1G058400",18.1420021400205,5.28859433823874,1.33688147736859,3.20790916086298,0.00133703722251092,0.0320614669356978,32118491,"Prupe.1G058400.1","Prupe.1G058400.1.p","PF05938","PTHR31232,PTHR31232:SF8","","","","","AT3G24060.1","","Plant self-incompatibility protein S1 family"
"Prupe.1G060000",242.408379661683,8.92397695633562,2.54157905830557,3.11773774277885,0.00182244893530847,0.040774024983265,32116386,"Prupe.1G060000.1","Prupe.1G060000.1.p","PF05938","PTHR31232,PTHR31232:SF2","","","","","AT4G16195.1","","Plant self-incompatibility protein S1 family"
"Prupe.1G061500",296.69135454604,-2.80238100526034,0.476454363382306,-3.78290376535834,0.000155009357270226,0.00486458895701729,32110753,"Prupe.1G061500.1","Prupe.1G061500.1.p","PF00515","PTHR36326,PTHR36326:SF1","","","","GO:0005515","AT1G04770.1","","Tetratricopeptide repeat (TPR)-like superfamily protein"
"Prupe.1G061900",1098.58143986049,2.9208078209819,0.611708076280322,3.1400726841175,0.001689059220449,0.0385041962070042,32119303,"Prupe.1G061900.1","Prupe.1G061900.1.p","PF01786","PTHR31803,PTHR31803:SF6","","1.10.3.11","K17893","GO:0055114,GO:0009916","AT5G64210.1","AOX2","alternative oxidase 2"
"Prupe.1G071700",9.87853213839603,-4.81732529070125,1.19737421634995,-3.1880804167789,0.00143220699296612,0.0336532658246712,32112286,"Prupe.1G071700.1","Prupe.1G071700.1.p","PF03547","PTHR31752,PTHR31752:SF4","","","K13947","GO:0055085,GO:0016021","AT5G57090.1","AGR,AGR1,ATPIN2,EIR1,PIN2,WAV6","Auxin efflux carrier family protein"
"Prupe.1G072800",32.2684372311202,-3.45556671678264,0.58641073153514,-4.18745187414001,2.82103814166227e-05,0.001177783424144,32118851,"Prupe.1G072800.1","Prupe.1G072800.1.p","","","","","","","","",""
"Prupe.1G078700",192.347283387123,3.27546416108805,0.334570220626985,6.80115569408368,1.03783184041185e-11,1.79737099472807e-09,32119904,"Prupe.1G078700.1","Prupe.1G078700.1.p","PF00702,PF00122","PTHR24093,PTHR24093:SF318","","3.6.3.5,3.6.3.3","K01534","GO:0046872,GO:0000166","AT4G30110.1","ATHMA2,HMA2","heavy metal atpase 2"
"Prupe.1G079800",2626.4965599852,10.5340394994425,1.71302350730973,5.56562093792603,2.61220538305985e-08,2.26197636503479e-06,32117120,"Prupe.1G079800.1","Prupe.1G079800.1.p","PF02458","PTHR31642,PTHR31642:SF57","","","","GO:0016747","AT2G19070.1","SHT","spermidine hydroxycinnamoyl transferase"
"Prupe.1G080100",81.4916332076969,7.99601489528489,1.74017809877688,4.02028671674593,5.81273539227067e-05,0.00214018509403603,32117427,"Prupe.1G080100.1","Prupe.1G080100.1.p","PF02458","PTHR31642,PTHR31642:SF57","","","K13065","GO:0016747","AT2G19070.1","SHT","spermidine hydroxycinnamoyl transferase"
"Prupe.1G081600",259.471051603169,7.43998190132594,0.738210520305548,8.72377421370317,2.69079375755229e-18,1.3980168455905e-15,32112713,"Prupe.1G081600.1","Prupe.1G081600.1.p","PF00141","","","1.11.1.7","K00430","GO:0055114,GO:0020037,GO:0006979,GO:0004601","AT2G18980.1","","Peroxidase superfamily protein"
"Prupe.1G081700",204.467393721056,1.91958551868165,0.283222802402447,3.24686257914699,0.00116684715173748,0.029022219582577,32114284,"Prupe.1G081700.1","Prupe.1G081700.1.p","","PTHR33167,PTHR33167:SF5","","","","","AT5G57340.1","",""
"Prupe.1G084300",358.352354480109,-3.1648426300013,0.305687151201054,-7.08188951186062,1.42202019170569e-12,3.16636496019801e-10,32119209,"Prupe.1G084300.1","Prupe.1G084300.1.p","PF00069","PTHR27001,PTHR27001:SF34","KOG1187","2.7.11.1","","GO:0006468,GO:0005524,GO:0004672","AT2G18890.1","","Protein kinase superfamily protein"
"Prupe.1G084500",1346.16623424716,-2.29939538010575,0.172398483188034,-7.53716248587003,4.80307720287347e-14,1.32112876474332e-11,32116879,"Prupe.1G084500.1","Prupe.1G084500.1.p","PF00101","PTHR31262","","4.1.1.39","K01602","","AT5G38420.1","","Ribulose bisphosphate carboxylase (small chain) family protein"
"Prupe.1G087400",14.1023869623924,6.35671923023238,1.49626251471337,3.58006645061112,0.000343506841686492,0.0101660632387724,32112977,"Prupe.1G087400.1","Prupe.1G087400.1.p","PF00580","PTHR21529","","","","GO:0005524","AT1G65780.1","","P-loop containing nucleoside triphosphate hydrolases superfamily protein"
"Prupe.1G087800",36.8039627768814,3.37674875890279,0.604835931503048,3.92957599757086,8.50957792601745e-05,0.00292579311632777,32112629,"Prupe.1G087800.1","Prupe.1G087800.1.p","PF05553","PTHR33098,PTHR33098:SF3","","","","","AT5G57510.1","",""
"Prupe.1G087900",249.732162761315,3.14170617319428,0.542503634560305,3.94781903153536,7.88663829825814e-05,0.00275208363303396,32118589,"Prupe.1G087900.1","Prupe.1G087900.1.p","PF13193,PF00501","PTHR24096,PTHR24096:SF149","","6.2.1.34,6.2.1.12","K01904","GO:0008152,GO:0003824","AT3G21240.1","4CL2,AT4CL2","4-coumarate:CoA ligase 2"
"Prupe.1G095500",631.640538799071,3.46690372767476,0.522797048729421,4.71866421906971,2.37398288641974e-06,0.000133743903336129,32117811,"Prupe.1G095500.1","Prupe.1G095500.1.p","PF02358,PF00982","PTHR10788,PTHR10788:SF30","","2.4.1.15,3.1.3.12","K16055","GO:0005992,GO:0003824","AT1G23870.1","ATTPS9,TPS9","trehalose-phosphatase/synthase 9"
"Prupe.1G097700",184.594546796376,3.45681329447364,0.497018596472739,4.94310134853957,7.68894860672336e-07,4.89319949436013e-05,32111454,"Prupe.1G097700.1","Prupe.1G097700.1.p","","PTHR33124","","","","","","",""
"Prupe.1G098900",121.64958933229,6.45450975191381,0.897745389942206,6.07578698038756,1.23381108468636e-09,1.47930785435728e-07,32117762,"Prupe.1G098900.1","Prupe.1G098900.1.p","","PTHR38934","","","","","AT4G30460.1","","glycine-rich protein"
"Prupe.1G099500",227.819827961153,3.24497593461399,0.689447633632366,3.25619499596554,0.00112916174410617,0.0283868834163464,32114983,"Prupe.1G099500.1","Prupe.1G099500.1.p","PF01073","PTHR10366,PTHR10366:SF390","KOG1502","","","GO:0055114,GO:0016616,GO:0006694,GO:0003854","AT2G23910.1","","NAD(P)-binding Rossmann-fold superfamily protein"
"Prupe.1G104900",5072.28718549932,-6.15052637793639,0.333813195506349,-15.429367224755,1.03883733252244e-53,4.85760336687494e-50,32117273,"Prupe.1G104900.1","Prupe.1G104900.1.p","","PTHR23241","KOG4744","","","","AT5G44310.2","","Late embryogenesis abundant protein (LEA) family protein"
"Prupe.1G107100",673.749200813223,1.91402549586909,0.287236871593734,3.18213149585435,0.00146195426050892,0.0340104384186055,32119739,"Prupe.1G107100.1","Prupe.1G107100.1.p","PF04110","PTHR10969,PTHR10969:SF36","KOG1654","","K08341","GO:0005737,GO:0000045","AT3G15580.1","APG8H,ATG8I","Ubiquitin-like superfamily protein"
"Prupe.1G109900",691.732581332885,-2.06083953054022,0.255869578467893,-4.14601664212043,3.38309248329924e-05,0.00136373624585407,32114402,"Prupe.1G109900.1","Prupe.1G109900.1.p","PF00955","PTHR11453,PTHR11453:SF44","","","","GO:0016021,GO:0006820,GO:0016020,GO:0005452","AT3G62270.1","","HCO3- transporter family"
"Prupe.1G111700",452.594199889368,4.0993780982699,0.76234969513084,4.06555956940202,4.79173527180248e-05,0.00182163854723158,32111811,"Prupe.1G111700.1","Prupe.1G111700.1.p","PF00249","PTHR10641,PTHR10641:SF623","KOG0048","","K09422","","AT3G06490.1","AtMYB108,BOS1,MYB108","myb domain protein 108"
"Prupe.1G111900",193.880823479855,-4.14133448035684,0.539974879428492,-5.81755670501121,5.97140082133748e-09,6.34597050922138e-07,32115920,"Prupe.1G111900.1","Prupe.1G111900.1.p","PF14226,PF03171","PTHR10209,PTHR10209:SF160","KOG0143","1.14.11.13","K04125","GO:0055114,GO:0016491","AT1G02400.1","ATGA2OX4,ATGA2OX6,DTA1,GA2OX6","gibberellin 2-oxidase 6"
"Prupe.1G114500",24.5498562489705,8.12727276055847,1.76622465853805,4.03531494484845,5.45291035658313e-05,0.00203982470619062,32110938,"Prupe.1G114500.1","Prupe.1G114500.1.p","PF04043","","","","","GO:0004857","AT1G47960.1","ATC/VIF1,C/VIF1","cell wall / vacuolar inhibitor of fructosidase 1"
"Prupe.1G116200",8.65812746815915,6.60476107738837,1.51545464805395,3.69840238016074,0.000216960760622849,0.00658771764073015,32117398,"Prupe.1G116200.1","Prupe.1G116200.1.p","PF00657","PTHR22835,PTHR22835:SF153","","3.1.1.3","","GO:0016788","AT2G23540.1","","GDSL-like Lipase/Acylhydrolase superfamily protein"
"Prupe.1G120600",23.7346814532837,4.52539190737088,0.813120400775168,4.33563332565513,1.45341047847927e-05,0.000659820135666899,32116877,"Prupe.1G120600.1","Prupe.1G120600.1.p","","","","","","","","",""
"Prupe.1G120700",139.400185714135,3.98803303580807,0.478958368724092,6.23860700830421,4.41484569958192e-10,5.43258381348555e-08,32114074,"Prupe.1G120700.1","Prupe.1G120700.1.p","","","","","","","","",""
"Prupe.1G122900",39.3079392416518,4.93511348118163,0.997765872345128,3.94392471245045,8.01588328822704e-05,0.00277646446338886,32116148,"Prupe.1G122900.1","Prupe.1G122900.1.p","PF00182","PTHR22595,PTHR22595:SF42","KOG4742","","","GO:0016998,GO:0006032,GO:0004568","AT3G16920.1","ATCTL2,CTL2","chitinase-like protein 2"
"Prupe.1G123100",981.163014797802,5.86143267937735,0.900479960668669,5.39871278841942,6.71207260740378e-08,5.31960195122374e-06,32113472,"Prupe.1G123100.1","Prupe.1G123100.1.p","PF14310,PF00933,PF01915","PTHR30620,PTHR30620:SF50","","3.2.1.55,3.2.1.37","","GO:0005975,GO:0004553","AT5G49360.1","ATBXL1,BXL1","beta-xylosidase 1"
"Prupe.1G124200",18.2714688081467,3.95551671010277,0.941601030629,3.13882059807055,0.00169629264727179,0.0385041962070042,32114367,"Prupe.1G124200.1","Prupe.1G124200.1.p","PF12697","PTHR10992,PTHR10992:SF811","KOG4178","3.3.2.10","","","AT4G15960.1","","alpha/beta-Hydrolases superfamily protein"
"Prupe.1G131300",11.230825620461,5.9844460813667,1.57483480689096,3.16505963644974,0.00155051167885495,0.0357426398292386,32111408,"Prupe.1G131300.1","Prupe.1G131300.1.p","","","","","","","","",""
"Prupe.1G132700",173.521582600756,-4.13707392194813,0.484709721189201,-6.47206726997664,9.66710626565732e-11,1.32951143818275e-08,32120236,"Prupe.1G132700.1","Prupe.1G132700.1.p","PF04570","PTHR33059","","","","","AT5G49120.1","","Protein of unknown function (DUF581)"
"Prupe.1G133700",1816.05638074559,10.5882727674992,1.94581198774332,4.92764605619442,8.32262060044275e-07,5.1206018325882e-05,32115513,"Prupe.1G133700.1","Prupe.1G133700.1.p","","PTHR34458,PTHR34458:SF5","","","","","AT3G16660.1","","Pollen Ole e 1 allergen and extensin family protein"
"Prupe.1G140400",142.795935627392,6.63664641954435,0.787343437965142,7.15906953401687,8.122648086069e-13,1.99902644476098e-10,32120732,"Prupe.1G140400.1","Prupe.1G140400.1.p","PF00462","PTHR10168,PTHR10168:SF115","KOG1752","1.8.1.9","K03676","GO:0045454,GO:0015035,GO:0009055","AT5G18600.1","","Thioredoxin superfamily protein"
"Prupe.1G140500",38.0288559267153,5.27079159158258,0.754530937250992,5.66019414279088,1.512018435891e-08,1.44289759310741e-06,32112862,"Prupe.1G140500.1","Prupe.1G140500.1.p","PF00462","","KOG1752","1.8.1.9","K03676","GO:0045454,GO:0015035,GO:0009055","AT3G21460.1","","Glutaredoxin family protein"
"Prupe.1G141000",2099.36613754284,3.30937694147238,0.543580808908244,4.24845193874789,2.15252813216572e-05,0.000923414820734579,32111314,"Prupe.1G141000.1","Prupe.1G141000.1.p","PF00097,PF05495,PF14599","PTHR21319,PTHR21319:SF5","KOG1940","6.3.2.19","K10144","GO:0046872,GO:0008270,GO:0016567","AT5G18650.1","","CHY-type/CTCHY-type/RING-type Zinc finger protein"
"Prupe.1G141300",70.9361995338611,9.6526494741499,2.414169083033,3.58411079611677,0.000338228498431324,0.0100736080169737,32119311,"Prupe.1G141300.1","Prupe.1G141300.1.p","PF00026","PTHR13683,PTHR13683:SF298","KOG1339","3.4.23.12","","GO:0006508,GO:0004190","AT2G35615.1","","Eukaryotic aspartyl protease family protein"
"Prupe.1G141400",110.291410575222,7.34770032805955,1.22871467823164,5.16613046178884,2.38990008252288e-07,1.74612074779328e-05,32118057,"Prupe.1G141400.1","Prupe.1G141400.1.p","PF00026","PTHR13683,PTHR13683:SF298","KOG1339","3.4.23.12","","GO:0006508,GO:0004190","AT2G35615.1","","Eukaryotic aspartyl protease family protein"
"Prupe.1G141700",1047.5644510545,5.8849527824434,0.977418188921346,4.99781243874161,5.79843421522981e-07,3.8672386831237e-05,32118294,"Prupe.1G141700.1","Prupe.1G141700.1.p","PF04535","PTHR11615,PTHR11615:SF113","","","","","AT3G06390.1","","Uncharacterised protein family (UPF0497)"
"Prupe.1G142400",1132.66291252952,2.11627876094298,0.269654786183416,4.13965862331739,3.4782302798608e-05,0.0013901029733871,32112009,"Prupe.1G142400.1","Prupe.1G142400.1.p","PF01373","PTHR31352,PTHR31352:SF3","","3.2.1.2","","GO:0016161,GO:0000272","AT5G18670.1","BAM9,BMY3","beta-amylase 3"
"Prupe.1G142700",924.337499883324,-2.4794402007893,0.334590651142479,-4.42164237326316,9.79534876547521e-06,0.00048334113780993,32115161,"Prupe.1G142700.1","Prupe.1G142700.1.p","PF00999","PTHR10110,PTHR10110:SF117","","","","GO:0055085,GO:0016021,GO:0015299,GO:0006812","AT3G05030.1","ATNHX2,NHX2","sodium hydrogen exchanger 2"
"Prupe.1G145600",50.9646303636504,4.16464344097735,0.994408691690827,3.18243742982213,0.00146041067066863,0.0340104384186055,32114145,"Prupe.1G145600.1","Prupe.1G145600.1.p","PF00069","PTHR27001,PTHR27001:SF193","KOG1187","2.7.11.1","","GO:0006468,GO:0005524,GO:0004672","AT5G18910.1","","Protein kinase superfamily protein"
"Prupe.1G148900",236.743609900109,4.17703261629967,0.637510548245866,4.98349811629218,6.24449219677382e-07,4.05545076557144e-05,32117586,"Prupe.1G148900.1","Prupe.1G148900.1.p","","PTHR33115,PTHR33115:SF3","","","","","AT5G18980.1","","ARM repeat superfamily protein"
"Prupe.1G152000",654.007442172869,5.89420725670155,0.523071943438693,9.35666177108806,8.22957203138345e-21,4.81018485234362e-18,32120701,"Prupe.1G152000.1","Prupe.1G152000.1.p","PF14543,PF14541","PTHR13683,PTHR13683:SF379","KOG1339","3.4.23.12","","GO:0006508,GO:0004190","AT1G03220.1","","Eukaryotic aspartyl protease family protein"
"Prupe.1G152300",705.893280666942,8.06231993608563,1.8090706488428,3.90383865914975,9.46789099658338e-05,0.00318502577698014,32111609,"Prupe.1G152300.1","Prupe.1G152300.1.p","PF00230","PTHR19139,PTHR19139:SF171","KOG0223","","K09874","GO:0016020,GO:0006810,GO:0005215","AT3G06100.1","NIP7;1,NLM6,NLM8","NOD26-like intrinsic protein 7;1"
"Prupe.1G152600",8.6077814548368,5.64632517196967,1.43640683053828,3.23468607443792,0.00121776541995753,0.0296576619985491,32110422,"Prupe.1G152600.1","Prupe.1G152600.1.p","PF11443","PTHR31373,PTHR31373:SF0","","","","","AT5G13210.1","","Uncharacterised conserved protein UCP015417,  vWA"
"Prupe.1G153700",40.451643604303,6.39011322367815,1.28887571946664,4.18202712819252,2.88921485641964e-05,0.00118885625976177,32118038,"Prupe.1G153700.1","Prupe.1G153700.1.p","PF00483","PTHR22572,PTHR22572:SF119","","2.7.7.27","K00975","GO:0016779,GO:0009058","AT5G19220.1","ADG2,APL1","ADP glucose pyrophosphorylase large subunit 1"
"Prupe.1G156200",20.0059375177469,3.14965656118542,0.672019621636305,3.19880029090699,0.00138000729366101,0.0327754529187105,32119141,"Prupe.1G156200.1","Prupe.1G156200.1.p","PF02298","PTHR33021,PTHR33021:SF21","","","","GO:0009055","AT5G26330.1","","Cupredoxin superfamily protein"
"Prupe.1G167300",4314.54769249221,2.23896403711113,0.280283594550654,4.42039441907906,9.85209130223771e-06,0.00048334113780993,32115812,"Prupe.1G167300.1","Prupe.1G167300.1.p","PF05694","PTHR23300","","","K17285","GO:0008430","AT4G14040.1","EDA38,SBP2","selenium-binding protein 2"
"Prupe.1G168300",331.160854428032,10.9123289020878,2.25741368342854,4.39101125985603,1.12824697151976e-05,0.000532897256447111,32112075,"Prupe.1G168300.1","Prupe.1G168300.1.p","PF07983,PF00332","PTHR32227,PTHR32227:SF122","","3.2.1.39","","GO:0005975,GO:0004553","AT3G23770.1","","O-Glycosyl hydrolases family 17 protein"
"Prupe.1G175600",206.215409003226,-2.63271498741246,0.489454352475608,-3.33578602203527,0.000850586055484589,0.0219742563284306,32112840,"Prupe.1G175600.1","Prupe.1G175600.1.p","PF00248","PTHR11732,PTHR11732:SF226","KOG1575","1.1.1.317","","","AT1G60730.1","","NAD(P)-linked oxidoreductase superfamily protein"
"Prupe.1G182200",116.840800771069,4.32462453438564,1.02171625298877,3.25396070059599,0.00113808022769166,0.028458091682814,32112242,"Prupe.1G182200.1","Prupe.1G182200.1.p","PF04554","","","","","GO:0009664,GO:0005199","","",""
"Prupe.1G192200",170.466539949236,5.90233893315263,0.760403413993194,6.44702383358382,1.14067855740615e-10,1.52394655269461e-08,32115287,"Prupe.1G192200.1","Prupe.1G192200.1.p","PF08450","PTHR10426,PTHR10426:SF21","KOG1520","4.3.3.2","","","AT3G59530.1","LAP3","Calcium-dependent phosphotriesterase superfamily protein"
"Prupe.1G201200",6.59950611735043,-6.114699261714,1.44061129130424,-3.55036732849947,0.00038469397918153,0.0111728512214462,32112660,"Prupe.1G201200.1","Prupe.1G201200.1.p","PF00304","","","","","","AT5G63660.1","LCR74,PDF2.5","Scorpion toxin-like knottin superfamily protein"
"Prupe.1G210900",1632.66507361145,-2.28433084402179,0.276094251557753,-4.65178408016633,3.2907554417476e-06,0.000176868648800135,32113409,"Prupe.1G210900.1","Prupe.1G210900.1.p","PF06955,PF00722","PTHR31062,PTHR31062:SF15","","2.4.1.207,3.2.1.151","K08235","GO:0048046,GO:0016762,GO:0006073,GO:0005618,GO:0005975,GO:0004553","AT5G13870.1","EXGT-A4,XTH5","xyloglucan endotransglucosylase/hydrolase 5"
"Prupe.1G220700",82.7646497045396,5.13665554423383,0.650470216870321,6.35948493404814,2.02431383620635e-10,2.62935874947247e-08,32119099,"Prupe.1G220700.1","Prupe.1G220700.1.p","PF03083","PTHR10791,PTHR10791:SF34","KOG1623","","K15382","","AT5G13170.1","SAG29","senescence-associated gene 29"
"Prupe.1G223700",1189.2288739114,2.51471359856852,0.176500166929725,8.58193861749499,9.32874195764261e-18,4.36211973939369e-15,32115689,"Prupe.1G223700.1","Prupe.1G223700.1.p","","PTHR34781,PTHR34781:SF2","","","","","AT1G27290.2","",""
"Prupe.1G224800",526.584928245154,10.0876758243294,1.12947067965644,8.04595992442553,8.55719939230902e-16,2.85810459703121e-13,32116324,"Prupe.1G224800.1","Prupe.1G224800.1.p","PF13193,PF00501","PTHR24096,PTHR24096:SF116","KOG1176","","K01904","GO:0008152,GO:0003824","AT1G62940.1","ACOS5","acyl-CoA synthetase 5"
"Prupe.1G226300",71.8799502638108,6.31537456483348,1.43404765922966,3.70655363552477,0.000210098757792002,0.00642105746036209,32118820,"Prupe.1G226300.1","Prupe.1G226300.1.p","PF00111","PTHR19370,PTHR19370:SF124","","","K02639","GO:0051536,GO:0009055","AT2G27510.1","ATFD3,FD3","ferredoxin 3"
"Prupe.1G226500",257.41905126548,-4.50393551413885,0.455269927506534,-7.6963913108198,1.39962747100361e-14,4.36310536960859e-12,32114735,"Prupe.1G226500.1","Prupe.1G226500.1.p","PF00067","PTHR24298,PTHR24298:SF79","KOG0156","1.14.13.21","","GO:0055114,GO:0020037,GO:0016705,GO:0005506","AT1G74110.1","CYP78A10","cytochrome P450, family 78, subfamily A, polypeptide 10"
"Prupe.1G233600",173.840782904047,3.63891310019242,0.694620151516805,3.79907362956569,0.00014523794293535,0.00458873392679526,32113271,"Prupe.1G233600.1","Prupe.1G233600.1.p","PF03798","PTHR31766,PTHR31766:SF2","","","","GO:0016021","AT5G14280.1","","DNA-binding storekeeper protein-related"
"Prupe.1G241800",2178.76205887554,3.11091398880589,0.522082814173832,4.04325507658455,5.27142181630733e-05,0.00198783616234299,32112537,"Prupe.1G241800.1","Prupe.1G241800.1.p","PF00150","PTHR31263,PTHR31263:SF0","","3.2.1.4","","GO:0005975,GO:0004553","AT1G13130.1","","Cellulase (glycosyl hydrolase family 5) protein"
"Prupe.1G245900",42.5386900419532,2.92053913338625,0.451246364215047,4.2560766926667,2.08045368062824e-05,0.000900759389872007,32114307,"Prupe.1G245900.1","Prupe.1G245900.1.p","","","","","","","","",""
"Prupe.1G246000",557.731900766002,4.34176866150103,0.633712682133038,5.27331826507376,1.33978921540881e-07,1.02702530676256e-05,32115711,"Prupe.1G246000.1","Prupe.1G246000.1.p","","","","","","","AT1G24575.1","",""
"Prupe.1G246500",10.9606757950822,5.95193501679665,1.41903119278386,3.48965903073768,0.00048363719694371,0.0134612353149333,32115217,"Prupe.1G246500.1","Prupe.1G246500.1.p","PF05910","PTHR31972,PTHR31972:SF11","","","","","AT4G12690.1","","Plant protein of unknown function (DUF868)"
"Prupe.1G251600",119.640954800455,-4.44623103552721,0.610441895304816,-5.64546939198265,1.64731177855641e-08,1.54056597530595e-06,32116347,"Prupe.1G251600.1","Prupe.1G251600.1.p","PF01501","PTHR11183,PTHR11183:SF53","KOG1950","2.4.1.123","K18819","GO:0016757","AT1G60470.1","AtGolS4,GolS4","galactinol synthase 4"
"Prupe.1G252600",169.160522682677,-2.8495790881421,0.454233544031576,-4.07186812256544,4.66375833294108e-05,0.0018022920632093,32117199,"Prupe.1G252600.1","Prupe.1G252600.1.p","PF00010,PF14215","PTHR31945,PTHR31945:SF14","","","","GO:0046983","AT1G10610.1","","basic helix-loop-helix (bHLH) DNA-binding superfamily protein"
"Prupe.1G253300",720.280840366726,3.65009787329622,0.281006112163111,9.43074815311478,4.07174210794485e-21,2.71992372810716e-18,32120327,"Prupe.1G253300.1","Prupe.1G253300.1.p","PF00484","PTHR11002,PTHR11002:SF15","KOG1578","4.2.1.1","K01673","GO:0008270,GO:0004089","AT5G14740.1","BETA CA2,CA18,CA2","carbonic anhydrase 2"
"Prupe.1G255200",1869.01791743487,1.61364716632043,0.18963122765254,3.23600270860877,0.00121216233935623,0.0296576619985491,32114271,"Prupe.1G255200.1","Prupe.1G255200.1.p","PF00171","PTHR11699,PTHR11699:SF180","","","K00128","GO:0055114,GO:0016491,GO:0008152","AT3G48000.1","ALDH2,ALDH2A,ALDH2B4","aldehyde dehydrogenase 2B4"
"Prupe.1G256200",1693.69974519568,1.90585721905609,0.247228196531627,3.66405301565269,0.000248255364964284,0.00748930378434187,32114288,"Prupe.1G256200.1","Prupe.1G256200.1.p","PF02358,PF00982","PTHR10788,PTHR10788:SF14","","2.4.1.15,3.1.3.12","K16055","GO:0005992,GO:0003824","AT1G60140.1","ATTPS10,TPS10","trehalose phosphate synthase"
"Prupe.1G257100",46.577390351869,4.27469304081817,0.715904828094405,4.57420164288422,4.78039281510745e-06,0.000251158615769016,32118290,"Prupe.1G257100.1","Prupe.1G257100.1.p","PF00892","PTHR31218,PTHR31218:SF42","","","","GO:0016021,GO:0016020,GO:0022857","AT3G28050.1","","nodulin MtN21 /EamA-like transporter family protein"
"Prupe.1G265600",436.08930684796,3.11637783247547,0.612222647258699,3.45687609230369,0.000546476059386131,0.0151171066850073,32113275,"Prupe.1G265600.1","Prupe.1G265600.1.p","PF13098","PTHR10438,PTHR10438:SF278","KOG0907","1.6.5.4","K03671","GO:0045454,GO:0015035,GO:0006662","AT5G39950.1","ATH2,ATTRX2,ATTRXH2,TRX2,TRXH2","thioredoxin 2"
"Prupe.1G266400",383.545311030963,2.3820407218282,0.362428209138773,3.81328132573427,0.00013713386272589,0.00439204069935796,32114098,"Prupe.1G266400.1","Prupe.1G266400.1.p","PF00854","PTHR11654,PTHR11654:SF20","","","","GO:0016020,GO:0006810,GO:0005215","AT1G69870.1","NRT1.7","nitrate transporter 1.7"
"Prupe.1G271700",12.9289048166225,4.28031569611819,1.0013030382901,3.2760468815913,0.00105271084682779,0.026607977944685,32110863,"Prupe.1G271700.1","Prupe.1G271700.1.p","PF00010","PTHR12565,PTHR12565:SF148","","","","GO:0046983","AT1G26945.1","KDR","basic helix-loop-helix (bHLH) DNA-binding superfamily protein"
"Prupe.1G271900",1399.28077752835,1.96672038863778,0.279903722299332,3.45376038838082,0.000552828324024004,0.0151171066850073,32112947,"Prupe.1G271900.1","Prupe.1G271900.1.p","PF01344","PTHR24413,PTHR24413:SF138","","","","GO:0005515","AT1G14330.1","","Galactose oxidase/kelch repeat superfamily protein"
"Prupe.1G274400",18.909196739175,7.75755946537452,1.4610910730901,4.62500907016205,3.7458200915467e-06,0.000199039258500822,32114409,"Prupe.1G274400.1","Prupe.1G274400.1.p","PF02798","PTHR11260,PTHR11260:SF221","KOG0406","2.5.1.18","K00799","GO:0005515","AT1G74590.1","ATGSTU10,GSTU10","glutathione S-transferase TAU 10"
"Prupe.1G275400",33.1203958264495,6.12297874312151,0.968995715028417,5.28689514686994,1.24409902392074e-07,9.69567839308898e-06,32116764,"Prupe.1G275400.1","Prupe.1G275400.1.p","PF00445","PTHR11240,PTHR11240:SF19","KOG1642","3.1.27.1","K01166","GO:0033897,GO:0003723","AT1G14220.1","","Ribonuclease T2 family protein"
"Prupe.1G277400",1431.4278965789,9.21731498561882,0.983189669334872,8.357812578704,6.38918436890808e-17,2.48965217575118e-14,32118340,"Prupe.1G277400.1","Prupe.1G277400.1.p","PF00067","PTHR24296,PTHR24296:SF8","KOG0157","","","GO:0055114,GO:0020037,GO:0016705,GO:0005506","AT1G69500.1","CYP704B1","cytochrome P450, family 704, subfamily B, polypeptide 1"
"Prupe.1G277500",961.843480438261,4.10680822147773,0.366694930425679,8.47246024882639,2.40263677984983e-17,1.02133905296162e-14,32120256,"Prupe.1G277500.1","Prupe.1G277500.1.p","PF02365","PTHR31719,PTHR31719:SF40","","","","GO:0006355,GO:0003677","AT1G69490.1","ANAC029,ATNAP,NAP","NAC-like, activated by AP3/PI"
"Prupe.1G278700",69.0520435924168,2.1604841888162,0.340206534009583,3.41111669766903,0.000646973950100913,0.0173864953486889,32119017,"Prupe.1G278700.1","Prupe.1G278700.1.p","PF03105,PF03124","PTHR10783,PTHR10783:SF43","","","","GO:0016021","AT1G14040.1","","EXS (ERD1/XPR1/SYG1) family protein"
"Prupe.1G288900",1549.83995168841,-3.04680703925378,0.508227056034735,-4.02734764894904,5.64095954868157e-05,0.00209342276584405,32113905,"Prupe.1G288900.1","Prupe.1G288900.1.p","PF00067","PTHR24298,PTHR24298:SF112","KOG0156","1.14.13.21","","GO:0055114,GO:0020037,GO:0016705,GO:0005506","AT1G13710.1","CYP78A5,KLU","cytochrome P450, family 78, subfamily A, polypeptide 5"
"Prupe.1G292100",28.4440710519572,7.36664961049781,1.88610503499335,3.37555411410069,0.000736672031762017,0.0192440135224536,32110958,"Prupe.1G292100.1","Prupe.1G292100.1.p","PF00067","PTHR24282,PTHR24282:SF20","KOG0157","","K15639","GO:0055114,GO:0020037,GO:0016705,GO:0005506","AT3G14630.1","CYP72A9","cytochrome P450, family 72, subfamily A, polypeptide 9"
"Prupe.1G294900",119.546153022523,-2.41073733614549,0.408301407723719,-3.45513708613046,0.00055001309266241,0.0151171066850073,32112329,"Prupe.1G294900.1","Prupe.1G294900.1.p","PF00161","","","3.2.2.22","","GO:0030598,GO:0017148","","",""
"Prupe.1G295800",669.124372124373,2.863082837067,0.367317144219519,5.07213688875237,3.93373246809488e-07,2.78698985163813e-05,32115622,"Prupe.1G295800.1","Prupe.1G295800.1.p","PF03222","PTHR22950,PTHR22950:SF237","KOG1305","","K14207","GO:0003333","AT3G30390.1","","Transmembrane amino acid transporter family protein"
"Prupe.1G295900",26.6470590619231,8.22525788129148,1.3159193638694,5.49065397141503,4.0044821796292e-08,3.40453794035384e-06,32110658,"Prupe.1G295900.1","Prupe.1G295900.1.p","PF02985,PF00514,PF04564","PTHR22849,PTHR22849:SF3","","6.3.2.19","","GO:0005515,GO:0016567,GO:0004842","AT1G68940.1","","Armadillo/beta-catenin-like repeat family protein"
"Prupe.1G298100",51.5747773789294,9.19604866506504,1.59427007685393,5.14094116427175,2.73365653329449e-07,1.96655045379769e-05,32116269,"Prupe.1G298100.1","Prupe.1G298100.1.p","PF02535","PTHR11040,PTHR11040:SF41","KOG1558","","K14709","GO:0055085,GO:0046873,GO:0030001,GO:0016020","AT1G31260.1","ZIP10","zinc transporter 10 precursor"
"Prupe.1G307000",138.117302277693,9.65151412122063,1.58652663643939,5.45311621154818,4.94946999241472e-08,4.13280744366629e-06,32117091,"Prupe.1G307000.1","Prupe.1G307000.1.p","","","","","","","","",""
"Prupe.1G307400",25.9774651874266,-4.72499033468187,0.791531974502707,-4.70605162479021,2.52560586403896e-06,0.000138938035532308,32118190,"Prupe.1G307400.1","Prupe.1G307400.1.p","","PTHR34956","","","","","AT3G06070.1","",""
"Prupe.1G310300",369.808882642499,6.76002272735695,0.808646530312455,7.12304141728193,1.05571078560391e-12,2.46825181674194e-10,32117428,"Prupe.1G310300.1","Prupe.1G310300.1.p","PF01073","PTHR10366,PTHR10366:SF307","KOG1502","","","GO:0055114,GO:0016616,GO:0006694,GO:0003854","AT1G68540.1","","NAD(P)-binding Rossmann-fold superfamily protein"
"Prupe.1G312600",237.639722107572,3.05013381013603,0.407012649651624,5.03702725674697,4.72817473612516e-07,3.25131545090018e-05,32111264,"Prupe.1G312600.1","Prupe.1G312600.1.p","","PTHR36715,PTHR36715:SF1","","","","","AT1G68440.1","",""
"Prupe.1G312700",172.908121906331,-2.25155641657934,0.353341472308996,-3.54205921088386,0.000397016345409874,0.011389254178752,32114149,"Prupe.1G312700.1","Prupe.1G312700.1.p","PF02265","PTHR33146,PTHR33146:SF2","","3.1.30.1","","GO:0006308,GO:0004519,GO:0003676","AT1G68290.1","ENDO 2","endonuclease 2"
"Prupe.1G316700",7.74161319875825,5.45354365912734,1.38010185666633,3.22696737028163,0.00125109726326496,0.0301553134176646,32111069,"Prupe.1G316700.1","Prupe.1G316700.1.p","","PTHR37199,PTHR37199:SF2","","","","","AT1G68238.1","",""
"Prupe.1G320200",144.276141964087,4.99905446553092,0.693579763693124,5.76581768221875,8.12628713845331e-09,8.26054753465384e-07,32112786,"Prupe.1G320200.1","Prupe.1G320200.1.p","PF01554","PTHR11206,PTHR11206:SF87","KOG1347","","K03327","GO:0055085,GO:0016020,GO:0015297,GO:0015238,GO:0006855","AT1G71140.1","","MATE efflux family protein"
"Prupe.1G322000",37.3156765408542,4.96658326800631,1.15888713716785,3.42275200128637,0.000619906068046997,0.0167553801976171,32119974,"Prupe.1G322000.1","Prupe.1G322000.1.p","PF02469","PTHR33985,PTHR33985:SF4","","","","","AT5G40940.1","FLA20","putative fasciclin-like arabinogalactan protein 20"
"Prupe.1G322400",501.860539425119,2.63417730433518,0.339266182142462,4.81679987676748,1.45878863521333e-06,8.62801309053824e-05,32115698,"Prupe.1G322400.1","Prupe.1G322400.1.p","","PTHR33782,PTHR33782:SF5","","","","","AT2G01300.1","",""
"Prupe.1G322500",563.178532297223,2.9212971947452,0.38258109320465,5.02193450975754,5.11536267351284e-07,3.46658490744145e-05,32116732,"Prupe.1G322500.1","Prupe.1G322500.1.p","","PTHR33782,PTHR33782:SF4","","","","","AT2G01300.1","",""
"Prupe.1G324900",1154.15367421636,3.21224567932772,0.522126807985328,4.23698926294143,2.2653696469536e-05,0.000962988042650458,32115541,"Prupe.1G324900.1","Prupe.1G324900.1.p","PF03547","PTHR31752,PTHR31752:SF12","","","","GO:0055085,GO:0016021","AT1G70940.1","ATPIN3,PIN3","Auxin efflux carrier family protein"
"Prupe.1G328500",17.6645798583413,4.08051224730107,0.853400134037016,3.6096927155714,0.000306559946916889,0.00918893789604726,32115590,"Prupe.1G328500.1","Prupe.1G328500.1.p","PF10604","PTHR31907,PTHR31907:SF2","","","","","AT5G28010.1","","Polyketide cyclase/dehydrase and lipid transport superfamily protein"
"Prupe.1G328800",377.151666650574,3.20117151311643,0.678670706913231,3.24335718441117,0.00118130016421086,0.0292262410997355,32119833,"Prupe.1G328800.1","Prupe.1G328800.1.p","PF10604","PTHR31907,PTHR31907:SF4","","","","","AT1G70830.3","MLP28","MLP-like protein 28"
"Prupe.1G329000",455.54604558998,4.82404948283174,0.54943748993806,6.95993548467695,3.40428600587706e-12,6.53283000823445e-10,32112008,"Prupe.1G329000.1","Prupe.1G329000.1.p","PF10604","PTHR31907,PTHR31907:SF4","","","","","AT1G70830.3","MLP28","MLP-like protein 28"
"Prupe.1G330000",63.2985528128857,3.09242427479619,0.418871839375155,4.99538063460539,5.87198345812196e-07,3.8672386831237e-05,32115086,"Prupe.1G330000.1","Prupe.1G330000.1.p","PF10716","PTHR36727,PTHR36727:SF2","","1.6.5.3","","GO:0055114,GO:0016655","AT1G70760.1","CRR23","inorganic carbon transport protein-related"
"Prupe.1G332700",55.3591346335955,4.10574696094544,0.572619400970014,5.42375433959158,5.83600754983366e-08,4.78757391281091e-06,32117351,"Prupe.1G332700.1","Prupe.1G332700.1.p","","PTHR34780,PTHR34780:SF2","","","","","AT1G67920.1","",""
"Prupe.1G334100",59.1913573218952,3.77237404586356,0.626876103003843,4.42252309918817,9.75549156233591e-06,0.00048334113780993,32112879,"Prupe.1G334100.1","Prupe.1G334100.1.p","","","","","","","AT2G01755.1","",""
"Prupe.1G334800",267.81919171355,3.79605557463278,0.531125325912912,5.26439888707406,1.40648780914485e-07,1.06076403154215e-05,32114611,"Prupe.1G334800.1","Prupe.1G334800.1.p","PF01823","PTHR33199,PTHR33199:SF4","","","","","AT1G14780.1","","MAC/Perforin domain-containing protein"
"Prupe.1G337600",150.184059985582,6.94580581995417,0.997541769195979,5.96045800141934,2.51531946221141e-09,2.86869117202452e-07,32115798,"Prupe.1G337600.1","Prupe.1G337600.1.p","PF00149","PTHR10161,PTHR10161:SF14","","3.1.3.2","","GO:0016787","AT1G14700.1","ATPAP3,PAP3","purple acid phosphatase 3"
"Prupe.1G338600",47.5577491655618,7.16595698425427,1.58197769811689,3.89762573239428,9.71403905702156e-05,0.0032444890450452,32111270,"Prupe.1G338600.1","Prupe.1G338600.1.p","PF00628","PTHR15856,PTHR15856:SF15","KOG1844","","","GO:0005515","AT5G22260.1","MS1","RING/FYVE/PHD zinc finger superfamily protein"
"Prupe.1G339900",15.8175621858366,4.22275013219425,0.838657432345813,3.842749146311,0.000121663805231262,0.00395069411987072,32113974,"Prupe.1G339900.1","Prupe.1G339900.1.p","PF00282","PTHR11999,PTHR11999:SF105","","4.1.1.15","K01580","GO:0030170,GO:0019752,GO:0016831","AT2G02010.1","GAD4","glutamate decarboxylase 4"
"Prupe.1G340300",921.05260826684,7.707795367258,1.01405771516942,6.61480630433081,3.72038556321113e-11,5.61178157857265e-09,32119854,"Prupe.1G340300.1","Prupe.1G340300.1.p","PF13561","PTHR24322,PTHR24322:SF510","KOG0725","1.1.1.288","","","AT3G42960.1","ASD,ATA1,TA1","TAPETUM 1"
"Prupe.1G341500",10717.9548222287,-2.89295276638924,0.531659021825844,-3.56046392270066,0.00037020017304693,0.0108191000572965,32113999,"Prupe.1G341500.1","Prupe.1G341500.1.p","PF00304","PTHR33147","","","","","AT2G02100.1","LCR69,PDF2.2","low-molecular-weight cysteine-rich 69"
"Prupe.1G341600",522.669640296039,-4.29863013211002,0.402878632372865,-8.18765222836918,2.66371202980143e-16,9.58116727027038e-14,32118082,"Prupe.1G341600.1","Prupe.1G341600.1.p","PF00304","PTHR33147","","","","","AT2G02100.1","LCR69,PDF2.2","low-molecular-weight cysteine-rich 69"
"Prupe.1G347600",48.9980763506901,3.50047878406433,0.581559525483851,4.29960936842014,1.71099423698181e-05,0.000754774438879899,32116916,"Prupe.1G347600.1","Prupe.1G347600.1.p","","PTHR34379,PTHR34379:SF1","","","","","AT5G08240.1","",""
"Prupe.1G353300",149.960054622934,2.43579075027494,0.454146844422256,3.16151211421823,0.00156952289790679,0.0359759268167262,32117061,"Prupe.1G353300.1","Prupe.1G353300.1.p","PF00005,PF01061","PTHR19241,PTHR19241:SF213","","","","GO:0016887,GO:0005524,GO:0016020","AT1G31770.1","ABCG14","ATP-binding cassette 14"
"Prupe.1G356500",10.2801635057931,4.42025617163942,1.09410993175586,3.12606263079111,0.00177163816337773,0.0398832789522254,32112974,"Prupe.1G356500.1","Prupe.1G356500.1.p","PF17048,PF04734","PTHR12670,PTHR12670:SF6","","3.5.1.23","K12349","","AT2G38010.2","","Neutral/alkaline non-lysosomal ceramidase"
"Prupe.1G359900",2366.88071345847,-2.37475907839409,0.303703774953346,-4.52664468396969,5.99275747216595e-06,0.000307935537800527,32117426,"Prupe.1G359900.1","Prupe.1G359900.1.p","PF03171","PTHR10869,PTHR10869:SF78","KOG1591","1.14.11.2","K00472","GO:0055114,GO:0016491","AT1G20270.1","","2-oxoglutarate (2OG) and Fe(II)-dependent oxygenase superfamily protein"
"Prupe.1G361100",49.3201748816151,4.8854103906409,0.929233936553662,4.18130487684413,2.89840918761424e-05,0.00118885625976177,32112494,"Prupe.1G361100.1","Prupe.1G361100.1.p","","","","","","","AT4G35900.1","atbzip14,FD,FD-1","Basic-leucine zipper (bZIP) transcription factor family protein"
"Prupe.1G361300",393.322077932148,7.37725578429163,1.507194215306,4.23121036395225,2.3243715813545e-05,0.00097916770400123,32120529,"Prupe.1G361300.1","Prupe.1G361300.1.p","PF02225,PF05922,PF00082","PTHR10795,PTHR10795:SF328","","3.4.14.10","","GO:0006508,GO:0004252","AT1G20160.1","ATSBT5.2","Subtilisin-like serine endopeptidase family protein"
"Prupe.1G361600",103.105810304263,10.1918883083214,2.3442692131281,3.92100372126465,8.81809009763454e-05,0.00300973644500285,32119032,"Prupe.1G361600.1","Prupe.1G361600.1.p","PF00657","PTHR22835,PTHR22835:SF184","","3.1.1.3","","GO:0016788","AT1G75900.1","","GDSL-like Lipase/Acylhydrolase superfamily protein"
"Prupe.1G362300",37.6181562959606,4.52742425951712,0.921349785237406,3.82853973163754,0.000128905823249231,0.00415699054836829,32113931,"Prupe.1G362300.1","Prupe.1G362300.1.p","PF13920","PTHR10044,PTHR10044:SF113","KOG1100","","K19042","","AT4G35070.1","","SBP (S-ribonuclease binding protein) family protein"
"Prupe.1G363800",98.9959328405476,2.4676562106659,0.360966286520559,4.06590938121396,4.78455256840199e-05,0.00182163854723158,32115103,"Prupe.1G363800.1","Prupe.1G363800.1.p","","PTHR37714","","","","","AT1G75810.1","",""
"Prupe.1G373000",61.1011291012295,5.92520962689122,0.851384760377482,5.78493984870895,7.25382815088689e-09,7.53753342967713e-07,32114048,"Prupe.1G373000.1","Prupe.1G373000.1.p","PF00085","PTHR10438,PTHR10438:SF274","KOG0907","1.6.5.4","K03671","GO:0045454,GO:0015035,GO:0006662","AT3G51030.1","ATTRX H1,ATTRX1,TRX1","thioredoxin H-type 1"
"Prupe.1G373100",29.8972062652197,2.73503731028001,0.558533890396045,3.10641366641105,0.00189371596801846,0.042166742221211,32115293,"Prupe.1G373100.1","Prupe.1G373100.1.p","PF00085","PTHR10438,PTHR10438:SF274","KOG0907","1.6.5.4","","GO:0045454,GO:0015035,GO:0006662","AT3G51030.1","ATTRX H1,ATTRX1,TRX1","thioredoxin H-type 1"
"Prupe.1G374000",291.579156514769,6.72074122149651,1.05847780402237,5.40468699462274,6.49216627964819e-08,5.23402922821292e-06,32114915,"Prupe.1G374000.1","Prupe.1G374000.1.p","PF00141","PTHR31388,PTHR31388:SF4","","1.11.1.7","K00430","GO:0055114,GO:0020037,GO:0006979,GO:0004601","AT1G44970.1","","Peroxidase superfamily protein"
"Prupe.1G375100",1840.32847452901,1.81411704286796,0.2167453865399,3.75609859967232,0.000172582721754704,0.00536701798951505,32113816,"Prupe.1G375100.1","Prupe.1G375100.1.p","PF02577","PTHR15160,PTHR15160:SF3","","","","GO:0004518","AT1G75380.1","ATBBD1,BBD1","bifunctional nuclease in basal defense response 1"
"Prupe.1G376300",1147.91707223652,-2.37644928833213,0.289900948381059,-4.74799856992141,2.0543948872631e-06,0.000117150615766369,32116089,"Prupe.1G376300.1","Prupe.1G376300.1.p","PF00150","PTHR31451,PTHR31451:SF18","","3.2.1.78","K19355","GO:0005975,GO:0004553","AT5G66460.1","","Glycosyl hydrolase superfamily protein"
"Prupe.1G377300",2255.35514969592,5.12334040136698,0.988562463636684,4.17104690198149,3.03203441907167e-05,0.00123285156031123,32115063,"Prupe.1G377300.1","Prupe.1G377300.1.p","PF01370","PTHR10366,PTHR10366:SF391","","","","GO:0050662,GO:0003824","AT4G39230.1","","NmrA-like negative transcriptional regulator family protein"
"Prupe.1G380200",66.6587623465843,2.67259384739975,0.510439064363519,3.27677476935539,0.00105000091960432,0.026607977944685,32114298,"Prupe.1G380200.1","Prupe.1G380200.1.p","PF14383","PTHR34282,PTHR34282:SF1","","","","","AT5G42710.1","",""
"Prupe.1G382300",217.340849562053,-2.47124853250858,0.419622741410686,-3.50612201703497,0.000454686729581059,0.0127312284282697,32111745,"Prupe.1G382300.1","Prupe.1G382300.1.p","PF05903","PTHR12378,PTHR12378:SF11","KOG0324","","","","AT1G47740.2","","PPPDE putative thiol peptidase family protein"
"Prupe.1G383700",217.803938846436,7.97697236066893,2.05577911726899,3.39383365754659,0.000689215425751348,0.0182077476317136,32119867,"Prupe.1G383700.1","Prupe.1G383700.1.p","PF00314","PTHR31048,PTHR31048:SF10","","","","","AT1G75030.1","ATLP-3,TLP-3","thaumatin-like protein 3"
"Prupe.1G384400",50.1409555133134,3.19524593936972,0.505601058149392,4.34185392610686,1.41285458277108e-05,0.000647696865591921,32116342,"Prupe.1G384400.1","Prupe.1G384400.1.p","PF13833,PF13499","PTHR10891,PTHR10891:SF568","KOG0027","","K13448","","AT3G50770.1","CML41","calmodulin-like 41"
"Prupe.1G386400",156.673792644602,3.20386135727866,0.370404890919711,5.94987110404105,2.6835373589712e-09,2.98767159298794e-07,32111748,"Prupe.1G386400.1","Prupe.1G386400.1.p","PF00069","PTHR27005,PTHR27005:SF16","KOG1187","2.7.11.1","","GO:0006468,GO:0005524,GO:0004672","AT2G23450.2","","Protein kinase superfamily protein"
"Prupe.1G388300",85.0523294399768,-3.44263802657567,0.43593786850016,-5.60317926721883,2.10455360098719e-08,1.8924793535031e-06,32116546,"Prupe.1G388300.1","Prupe.1G388300.1.p","PF02362","","","","","GO:0003677","AT5G18000.1","VDD","VERDANDI"
"Prupe.1G398000",14.2501249040656,4.38139145304668,0.95904478903794,3.52579096586167,0.000422220085369868,0.0119654613284212,32112402,"Prupe.1G398000.1","Prupe.1G398000.1.p","PF00026","PTHR13683,PTHR13683:SF246","KOG1339","3.4.23.12","","GO:0006508,GO:0004190","AT5G10770.1","","Eukaryotic aspartyl protease family protein"
"Prupe.1G398200",12.7269847786387,6.16764692166024,1.46539820102066,3.52644552044689,0.000421177807162997,0.0119654613284212,32113183,"Prupe.1G398200.1","Prupe.1G398200.1.p","PF00026","PTHR13683,PTHR13683:SF246","KOG1339","3.4.23.12","","GO:0006508,GO:0004190","AT5G10770.1","","Eukaryotic aspartyl protease family protein"
"Prupe.1G407300",1800.09186373571,-2.00628764599092,0.327572340093127,-3.07195548227557,0.0021266143868358,0.0471281937101621,32114694,"Prupe.1G407300.1","Prupe.1G407300.1.p","PF00011","PTHR11527,PTHR11527:SF93","","","K13993","","AT5G12020.1","HSP17.6II","17.6 kDa class II heat shock protein"
"Prupe.1G409700",180.158407484134,5.16990396059592,0.954416255775942,4.36906217319799,1.24781240905453e-05,0.0005834770824739,32113398,"Prupe.1G409700.1","Prupe.1G409700.1.p","","PTHR31250,PTHR31250:SF13","","","","","AT4G33050.3","EDA39","calmodulin-binding family protein"
"Prupe.1G414300",27.3824781336927,3.87356909089137,0.746734359691824,3.84818115517985,0.000118998046317992,0.00391855538438685,32120687,"Prupe.1G414300.1","Prupe.1G414300.1.p","PF04718","PTHR12386,PTHR12386:SF14","","","K02140","GO:0015986,GO:0015078,GO:0000276","AT2G19680.1","","Mitochondrial ATP synthase subunit G protein"
"Prupe.1G415600",28.8200271980276,8.34535219294095,1.66342616396856,4.41579695693652,1.00638516508615e-05,0.00048334113780993,32112623,"Prupe.1G415600.1","Prupe.1G415600.1.p","PF14365,PF03080","PTHR31589,PTHR31589:SF12","","","","","AT5G56530.2","","Protein of Unknown Function (DUF239)"
"Prupe.1G415700",15.6446523279416,7.46717941490662,1.72762805472668,3.74338642927962,0.000181556683418422,0.00558525691884568,32112143,"Prupe.1G415700.1","Prupe.1G415700.1.p","PF14365,PF03080","PTHR31589,PTHR31589:SF12","","","","","AT2G44210.1","","Protein of Unknown Function (DUF239)"
"Prupe.1G415800",7.91729464131471,6.46856511373963,1.60500257830302,3.4072002049502,0.000656329657564281,0.0175371284501176,32117031,"Prupe.1G415800.1","Prupe.1G415800.1.p","PF14365,PF03080","PTHR31589,PTHR31589:SF12","","","","","AT1G55360.1","","Protein of Unknown Function (DUF239)"
"Prupe.1G417100",839.895140840701,5.83645136174733,0.358816616624611,13.4788946154274,2.08202697829931e-41,2.51147290268203e-38,32116002,"Prupe.1G417100.1","Prupe.1G417100.1.p","PF01063","PTHR11825,PTHR11825:SF42","KOG0975","2.6.1.88,2.6.1.42","K00826","GO:0008152,GO:0003824","AT1G10070.1","ATBCAT-2,BCAT-2","branched-chain amino acid transaminase 2"
"Prupe.1G423400",315.780053758145,1.70966535818832,0.232267594939848,3.05537825184828,0.00224776841566812,0.0489574340249452,32118669,"Prupe.1G423400.1","Prupe.1G423400.1.p","PF12697","PTHR10992,PTHR10992:SF891","KOG4178","","","","AT3G03990.1","","alpha/beta-Hydrolases superfamily protein"
"Prupe.1G425200",667.888070967789,2.29878460990206,0.273535089922115,4.74814624431502,2.0528957677249e-06,0.000117150615766369,32114589,"Prupe.1G425200.1","Prupe.1G425200.1.p","","","","","","","","",""
"Prupe.1G425300",116.33919983906,4.00283623502944,0.501735326175235,5.98490095947654,2.16521571474586e-09,2.53113717053791e-07,32116478,"Prupe.1G425300.1","Prupe.1G425300.1.p","","","","","","","","",""
"Prupe.1G425400",2429.99280619636,2.6108690090369,0.527299291699336,3.05494248597514,0.00225103685101865,0.0489574340249452,32116738,"Prupe.1G425400.1","Prupe.1G425400.1.p","PF05922,PF02225,PF00082","PTHR10795,PTHR10795:SF388","","3.4.14.10","","GO:0006508,GO:0004252","AT5G67360.1","ARA12","Subtilase family protein"
"Prupe.1G430300",5799.47637387343,-4.65634147263105,0.364407445817919,-10.0336629083534,1.08418302011662e-23,8.44939967010889e-21,32112997,"Prupe.1G430300.1","Prupe.1G430300.1.p","","","","","","","","",""
"Prupe.1G430400",778.273281555393,-2.76186063533467,0.336829931125096,-5.23071280942764,1.68857664547002e-07,1.25329911019331e-05,32119705,"Prupe.1G430400.1","Prupe.1G430400.1.p","PF01112","PTHR10188,PTHR10188:SF13","KOG1592","3.5.1.1","K13051","GO:0016787","AT3G16150.1","","N-terminal nucleophile aminohydrolases (Ntn hydrolases) superfamily protein"
"Prupe.1G430500",469.229340359342,-1.78212287369557,0.235330557868493,-3.32350749847215,0.000888930329064073,0.0228386715313385,32111508,"Prupe.1G430500.1","Prupe.1G430500.1.p","PF02984,PF00134","PTHR10177,PTHR10177:SF242","KOG0656","","K14505","GO:0005634","AT4G34160.1","CYCD3,CYCD3;1","CYCLIN D3;1"
"Prupe.1G433300",380.569159690069,2.83206106177864,0.541146953456085,3.38551487738777,0.000710448583012278,0.0186632447986821,32119332,"Prupe.1G433300.1","Prupe.1G433300.1.p","PF05922,PF00082","PTHR10795,PTHR10795:SF396","","3.4.14.10","","GO:0006508,GO:0004252","AT5G67090.1","","Subtilisin-like serine endopeptidase family protein"
"Prupe.1G437500",75.6701415163564,4.78656091521896,0.952785216723518,3.97420200141261,7.06156134190956e-05,0.00252060006372283,32114386,"Prupe.1G437500.1","Prupe.1G437500.1.p","","PTHR33312,PTHR33312:SF8","","","K14499","","AT5G42750.1","BKI1","BRI1 kinase inhibitor 1"
"Prupe.1G441600",259.063985136478,3.13803285959222,0.54957224154008,3.89035816947515,0.000100096368241586,0.00331950792835218,32118111,"Prupe.1G441600.1","Prupe.1G441600.1.p","PF04759","PTHR31696","","","","","AT5G42680.1","","Protein of unknown function, DUF617"
"Prupe.1G444000",2716.29110688807,-2.63673914460716,0.237022234341687,-6.90542450227546,5.00535231634316e-12,9.00193362739255e-10,32118918,"Prupe.1G444000.1","Prupe.1G444000.1.p","PF00365","PTHR13697,PTHR13697:SF7","","2.7.1.11","K00850","GO:0006096,GO:0003872","AT4G26270.1","PFK3","phosphofructokinase 3"
"Prupe.1G445000",231.684666616893,2.76319837774496,0.517730988857545,3.40562650428891,0.000660124219620902,0.0175383002894735,32115550,"Prupe.1G445000.1","Prupe.1G445000.1.p","PF02309","PTHR31734,PTHR31734:SF2","","","K14484","GO:0006355,GO:0005634","AT3G16500.1","IAA26,PAP1","phytochrome-associated protein 1"
"Prupe.1G447700",25.8532082009568,4.38211564600351,1.10402164487683,3.06345048731434,0.00218800408924218,0.0482599392513983,32117785,"Prupe.1G447700.1","Prupe.1G447700.1.p","PF04434,PF13639","PTHR21540,PTHR21540:SF1","","2.7.11.25,2.7.12.2","","GO:0008270,GO:0005515","AT5G11620.1","","SWIM zinc finger family protein / mitogen-activated protein kinase kinase kinase (MAPKKK)-related"
"Prupe.1G449500",50.1269626839692,8.17404542081514,1.26015012313616,5.69300854644284,1.24820136415551e-08,1.21595616224816e-06,32113554,"Prupe.1G449500.1","Prupe.1G449500.1.p","PF00230","PTHR19139,PTHR19139:SF52","KOG0223","","K09873","GO:0016020,GO:0006810,GO:0005215","AT2G25810.1","TIP4;1","tonoplast intrinsic protein 4;1"
"Prupe.1G456000",1561.41649636976,2.65858896975887,0.227220681115441,7.29946306655162,2.88918356963621e-13,7.50545687312161e-11,32116254,"Prupe.1G456000.1","Prupe.1G456000.1.p","PF08544,PF10509,PF00288,PF13528","PTHR10457,PTHR10457:SF12","KOG0631","2.7.1.46","K12446","GO:0005524","AT4G16130.1","ARA1,ATISA1,ISA1","arabinose kinase"
"Prupe.1G457000",333.978416056745,4.9504034496497,0.565161445721248,6.98986719557324,2.75146570388293e-12,5.59384940493765e-10,32120679,"Prupe.1G457000.1","Prupe.1G457000.1.p","PF13905","PTHR13871,PTHR13871:SF38","KOG2501","1.8.1.8","K17609","","AT4G31240.2","","protein kinase C-like zinc finger protein"
"Prupe.1G459400",1386.14160465639,1.60264157105981,0.188406251436127,3.19862831761777,0.0013808306725804,0.0327754529187105,32115099,"Prupe.1G459400.1","Prupe.1G459400.1.p","","PTHR33172,PTHR33172:SF15","","","","","AT2G24550.1","",""
"Prupe.1G460700",2969.91836696523,2.55375211796724,0.203095530770442,7.65035110360672,2.00431297658152e-14,5.8576046740595e-12,32120232,"Prupe.1G460700.1","Prupe.1G460700.1.p","PF00690,PF00702,PF00122","PTHR24093,PTHR24093:SF361","","3.6.3.6","K01535","GO:0046872,GO:0000166","AT2G24520.1","AHA5,HA5","H(+)-ATPase 5"
"Prupe.1G465600",51.661846356764,4.38458900162317,0.901345985060352,3.75503863968124,0.00017331473832694,0.00536701798951505,32119163,"Prupe.1G465600.1","Prupe.1G465600.1.p","PF03181","PTHR31236,PTHR31236:SF2","","","","","AT5G25610.1","ATRD22,RD22","BURP domain-containing protein"
"Prupe.1G469000",22.9768927666211,5.10089756944049,0.923688567080412,4.4396972265258,9.008552508337e-06,0.000457869473141128,32119724,"Prupe.1G469000.1","Prupe.1G469000.1.p","PF01657,PF07714","PTHR27002,PTHR27002:SF122","KOG1187","2.7.11.1","","GO:0006468,GO:0004672","AT4G21410.1","CRK29","cysteine-rich RLK (RECEPTOR-like protein kinase) 29"
"Prupe.1G470100",298.960424413417,-3.07468362236441,0.440237922726199,-4.71264176769872,2.44525849005686e-06,0.000136119389279832,32115079,"Prupe.1G470100.1","Prupe.1G470100.1.p","","PTHR33287,PTHR33287:SF2","","","","","","",""
"Prupe.1G470300",68.1129129833849,2.93987498624046,0.490429993255148,3.95545748204522,7.63883334528388e-05,0.0026856529866577,32120015,"Prupe.1G470300.1","Prupe.1G470300.1.p","","","","","","","","",""
"Prupe.1G470500",51.1851181941997,-5.95480394879551,0.742836772082565,-6.67011130171244,2.55609497606909e-11,3.98410003603302e-09,32120752,"Prupe.1G470500.1","Prupe.1G470500.1.p","","PTHR33287,PTHR33287:SF2","","","","","","",""
"Prupe.1G470600",122.948424469793,-3.9641567074045,0.438939074192933,-6.75300259575802,1.44816349191279e-11,2.41843303149436e-09,32114025,"Prupe.1G470600.1","Prupe.1G470600.1.p","","PTHR33287,PTHR33287:SF2","","","","","","",""
"Prupe.1G471200",543.527120592239,6.36192904080768,1.08806075006151,4.92796844340223,8.3089032661976e-07,5.1206018325882e-05,32113225,"Prupe.1G471200.1","Prupe.1G471200.1.p","PF14510,PF08370,PF00005,PF01061","PTHR19241,PTHR19241:SF219","","3.6.3.25","","GO:0016887,GO:0005524,GO:0016020","AT1G15520.1","ABCG40,ATABCG40,ATPDR12,PDR12","pleiotropic drug resistance 12"
"Prupe.1G471500",869.846986394252,12.30595865787,2.28786008500102,4.94171769156282,7.7437288832902e-07,4.89319949436013e-05,32119165,"Prupe.1G471500.1","Prupe.1G471500.1.p","PF02458","PTHR31642,PTHR31642:SF54","","2.3.1.140","","GO:0016747","AT4G29250.1","","HXXXD-type acyl-transferase family protein"
"Prupe.1G472600",167.798715215719,4.96252088077111,1.031060787865,3.8431496255194,0.000121465363427312,0.00395069411987072,32119338,"Prupe.1G472600.1","Prupe.1G472600.1.p","PF07885,PF00027,PF11834,PF12796","PTHR10217,PTHR10217:SF504","","","","","AT2G26650.1","AKT1,ATAKT1,KT1","K+ transporter 1"
"Prupe.1G476200",7.0569603463333,6.33793433108999,1.68663828488876,3.16483645540042,0.00155170142971245,0.0357426398292386,32114748,"Prupe.1G476200.1","Prupe.1G476200.1.p","PF03181","PTHR31236,PTHR31236:SF2","","","","","AT5G25610.1","ATRD22,RD22","BURP domain-containing protein"
"Prupe.1G480100",279.183171737432,3.40030981404866,0.75244623600109,3.19000840087288,0.00142268658052032,0.0335983962147123,32112486,"Prupe.1G480100.1","Prupe.1G480100.1.p","PF00135","","KOG1515","3.1.1.1","","","AT5G16080.1","AtCXE17,CXE17","carboxyesterase 17"
"Prupe.1G480500",21.2022063887529,3.7681044324105,0.695493465273192,3.98005814666164,6.88984137469516e-05,0.00247822294369804,32118739,"Prupe.1G480500.1","Prupe.1G480500.1.p","PF00168,PF00614,PF12357","PTHR18896,PTHR18896:SF11","","3.1.4.4","K01115","GO:0005515,GO:0003824","AT3G15730.1","PLD,PLDALPHA1","phospholipase D alpha 1"
"Prupe.1G480600",1109.95429769378,2.66912976301827,0.345474767892548,4.83140859519273,1.35570456128023e-06,8.12727503659791e-05,32119186,"Prupe.1G480600.1","Prupe.1G480600.1.p","PF13259","PTHR33373,PTHR33373:SF1","","","","","AT5G25360.2","",""
"Prupe.1G488900",98.0494485267823,2.75166737648146,0.403154984072665,4.34489822942567,1.39340247925043e-05,0.000645103959700495,32118475,"Prupe.1G488900.1","Prupe.1G488900.1.p","PF10664","PTHR36900,PTHR36900:SF1","","","","GO:0055114,GO:0016655","AT4G37925.1","NDH-M","subunit NDH-M of NAD(P)H:plastoquinone dehydrogenase complex"
"Prupe.1G492300",57.7729825488021,4.00010293279123,0.679620174183377,4.41438180730306,1.01299040858369e-05,0.00048334113780993,32111866,"Prupe.1G492300.1","Prupe.1G492300.1.p","","PTHR35466,PTHR35466:SF2","","","","","AT1G77400.1","",""
"Prupe.1G503100",700.446499480143,5.77921017823694,0.712579336331697,6.70691659800289,1.98779795284026e-11,3.20515283706244e-09,32116722,"Prupe.1G503100.1","Prupe.1G503100.1.p","PF01490","PTHR22950,PTHR22950:SF3","KOG1303","","K13946","","AT2G21050.1","LAX2","like AUXIN RESISTANT 2"
"Prupe.1G509100",13.7561414626052,5.44931529114462,1.24881154421054,3.56283965484748,0.000366864779743495,0.010789054780381,32117634,"Prupe.1G509100.1","Prupe.1G509100.1.p","PF00155","PTHR11751,PTHR11751:SF376","KOG0257","2.6.1.83","K10206","GO:0030170,GO:0009058","AT2G13810.1","ALD1","AGD2-like defense response protein 1"
"Prupe.1G512100",14.2293011059276,4.86197677439532,1.26339373203778,3.05682755617775,0.002236929251955,0.0489574340249452,32120633,"Prupe.1G512100.1","Prupe.1G512100.1.p","PF14368","PTHR33044,PTHR33044:SF27","","","","","AT5G64080.2","","Bifunctional inhibitor/lipid-transfer protein/seed storage 2S albumin superfamily protein"
"Prupe.1G518200",58.4877925074653,4.4177604901951,0.709897890700679,4.8144395623175,1.47613568700398e-06,8.62801309053824e-05,32119749,"Prupe.1G518200.1","Prupe.1G518200.1.p","PF00244","PTHR18860,PTHR18860:SF12","KOG0841","","K06630","GO:0019904","AT1G34760.1","GF14 OMICRON,GRF11,RHS5","general regulatory factor 11"
"Prupe.1G519500",71.4336499454042,5.59249307750268,0.660189966780169,6.95632061768655,3.49274487181055e-12,6.53283000823445e-10,32118811,"Prupe.1G519500.1","Prupe.1G519500.1.p","PF00201","PTHR11926,PTHR11926:SF286","KOG1192","2.4.1.85","","GO:0016758,GO:0008152","AT1G22360.1","AtUGT85A2,UGT85A2","UDP-glucosyl transferase 85A2"
"Prupe.1G523700",132.646975722896,5.43574353135691,0.708658743184033,6.25935060284013,3.86583874456984e-10,4.88558431611043e-08,32118547,"Prupe.1G523700.1","Prupe.1G523700.1.p","PF02298","PTHR33021,PTHR33021:SF64","","","","GO:0009055","AT1G72230.1","","Cupredoxin superfamily protein"
"Prupe.1G529800",118.405575838516,4.67705612909055,0.567835836551774,6.47556193603375,9.44597299526741e-11,1.32951143818275e-08,32120350,"Prupe.1G529800.1","Prupe.1G529800.1.p","PF14543","PTHR13683,PTHR13683:SF259","KOG1339","3.4.23.12","","GO:0006508,GO:0004190","AT1G09750.1","","Eukaryotic aspartyl protease family protein"
"Prupe.1G530700",279.420318350835,2.31585019097508,0.221604367864339,5.93783508717036,2.88810331323109e-09,3.14064444015549e-07,32112429,"Prupe.1G530700.1","Prupe.1G530700.1.p","PF00484","PTHR11002,PTHR11002:SF19","KOG1578","4.2.1.1","K01673","GO:0008270,GO:0004089","AT4G33580.1","ATBCA5,BCA5","beta carbonic anhydrase 5"
"Prupe.1G531400",254.148207939619,-1.91923216364474,0.283865568894785,-3.23826580033543,0.00120258711699919,0.029596301889938,32110423,"Prupe.1G531400.1","Prupe.1G531400.1.p","PF01486,PF00319","PTHR11945,PTHR11945:SF179","KOG0014","","","GO:0006355,GO:0005634,GO:0003700,GO:0046983,GO:0003677","AT2G22540.1","AGL22,SVP","K-box region and MADS-box transcription factor family protein "
"Prupe.1G531500",126.894224657164,-3.61374219018234,0.464006930005311,-5.632980934471,1.77121045868253e-08,1.62395688329402e-06,32110738,"Prupe.1G531500.1","Prupe.1G531500.1.p","PF00319","","","","","GO:0046983,GO:0003677","AT4G24540.1","AGL24","AGAMOUS-like 24"
"Prupe.1G531600",1132.12405778327,-3.58662037972871,0.450010168879001,-5.74791539971667,9.03504227944679e-09,8.98890589333897e-07,32113288,"Prupe.1G531600.1","Prupe.1G531600.1.p","PF01486,PF00319","PTHR11945,PTHR11945:SF179","KOG0014","","","GO:0006355,GO:0005634,GO:0003700,GO:0046983,GO:0003677","AT2G22540.1","AGL22,SVP","K-box region and MADS-box transcription factor family protein "
"Prupe.1G531700",1350.83875219437,-4.7352741488881,0.569216206581032,-6.56213597874142,5.30424107677297e-11,7.7508222734345e-09,32118189,"Prupe.1G531700.1","Prupe.1G531700.1.p","PF01486,PF00319","PTHR11945,PTHR11945:SF179","KOG0014","","","GO:0006355,GO:0005634,GO:0003700,GO:0046983,GO:0003677","AT2G22540.1","AGL22,SVP","K-box region and MADS-box transcription factor family protein "
"Prupe.1G536600",20.6764508916383,4.98240465836315,0.924724839731118,4.30658341514987,1.65795425634979e-05,0.000738342295494439,32120787,"Prupe.1G536600.1","Prupe.1G536600.1.p","PF14686,PF14683,PF06045","PTHR32018,PTHR32018:SF4","","4.2.2.23","K18195","","AT1G09890.1","","Rhamnogalacturonate lyase family protein"
"Prupe.1G536700",19.6575394240378,3.66863345745962,0.811220734875236,3.28965143854472,0.00100311560855029,0.02563152232558,32116316,"Prupe.1G536700.1","Prupe.1G536700.1.p","PF14686,PF14683,PF06045","PTHR32018,PTHR32018:SF4","","4.2.2.23","K18195","","AT1G09890.1","","Rhamnogalacturonate lyase family protein"
"Prupe.1G541200",1868.99157784287,4.79542159536291,0.281630938105596,13.4765790324494,2.14839427089994e-41,2.51147290268203e-38,32112823,"Prupe.1G541200.1","Prupe.1G541200.1.p","PF01293","PTHR30031,PTHR30031:SF4","","4.1.1.49,4.1.1.32","K01610","GO:0006094,GO:0005524,GO:0004612","AT4G37870.1","PCK1,PEPCK","phosphoenolpyruvate carboxykinase 1"
"Prupe.1G543000",250.756975172189,3.11981444815037,0.299873935183892,7.06901867563261,1.56033150850425e-12,3.31641369716632e-10,32112262,"Prupe.1G543000.1","Prupe.1G543000.1.p","PF01490","PTHR22950,PTHR22950:SF278","KOG1303","","","","AT5G49630.1","AAP6","amino acid permease 6"
"Prupe.1G547400",24.3049033136012,5.16292351434027,1.23601609294477,3.36801724354755,0.000757108606722773,0.0196679991390871,32114356,"Prupe.1G547400.1","Prupe.1G547400.1.p","PF00657","PTHR22835,PTHR22835:SF207","","3.1.1.3","","GO:0016788","AT1G33811.1","","GDSL-like Lipase/Acylhydrolase superfamily protein"
"Prupe.1G549400",18.8840349959187,6.78337388298061,1.40027271079703,4.13017681369277,3.62484340716891e-05,0.00142435023293461,32113825,"Prupe.1G549400.1","Prupe.1G549400.1.p","PF01738","PTHR17630,PTHR17630:SF48","KOG3043","3.1.1.45","","GO:0016787","AT3G23600.1","","alpha/beta-Hydrolases superfamily protein"
"Prupe.1G554000",10.0157541166647,-5.73132832817381,1.34861909631573,-3.50827623685535,0.000451020470276957,0.0127046489097292,32112196,"Prupe.1G554000.1","Prupe.1G554000.1.p","PF13664","PTHR23241,PTHR23241:SF50","KOG2886","","","","AT1G72100.1","","late embryogenesis abundant domain-containing protein / LEA domain-containing protein"
"Prupe.1G580100",35.3229894512943,-2.42206153849871,0.440517365574467,-3.22816226925411,0.00124588278627629,0.0301553134176646,32111260,"Prupe.1G580100.1","Prupe.1G580100.1.p","PF08241","PTHR10108,PTHR10108:SF781","KOG3010","2.1.1.145","","GO:0008168,GO:0008152","AT5G10830.1","","S-adenosyl-L-methionine-dependent methyltransferases superfamily protein"
"Prupe.1G580200",295.055076827926,-3.21062460055508,0.396616047208528,-5.57371446796958,2.49364325022292e-08,2.20005204491366e-06,32118198,"Prupe.1G580200.1","Prupe.1G580200.1.p","PF00067","PTHR24298,PTHR24298:SF0","","","K09754","GO:0055114,GO:0020037,GO:0016705,GO:0005506","AT2G40890.1","CYP98A3","cytochrome P450, family 98, subfamily A, polypeptide 3"
"Prupe.1G582100",13.5945668603624,6.29727470921458,1.32512261299087,3.9975732489074,6.39951911122047e-05,0.00233782432531773,32117162,"Prupe.1G582100.1","Prupe.1G582100.1.p","PF04669","PTHR31444,PTHR31444:SF4","","2.1.1.112","K18801","","AT1G09610.1","","Protein of unknown function (DUF579)"
"Prupe.1G585400",56.4281274838598,3.70974994238486,0.596164559395932,4.54530531826738,5.48556793043491e-06,0.000285005729363485,32119653,"Prupe.1G585400.1","Prupe.1G585400.1.p","PF00854","PTHR11654,PTHR11654:SF177","","","","GO:0016020,GO:0006810,GO:0005215","AT1G59740.1","","Major facilitator superfamily protein"
"Prupe.1G586200",412.951837806668,-2.39342894000467,0.393163333330414,-3.54414774185881,0.000393884457965815,0.0113691587990627,32111989,"Prupe.1G586200.1","Prupe.1G586200.1.p","PF00011","PTHR11527,PTHR11527:SF170","KOG0710","","K13993","","AT4G10250.1","ATHSP22.0","HSP20-like chaperones superfamily protein"
